Date,1 Mo,3 Mo,6 Mo,1 Yr,2 Yr,3 Yr,5 Yr,7 Yr,10 Yr,20 Yr,30 Yr
03-01-2017,0.52,0.53,0.65,0.89,1.22,1.5,1.94,2.26,2.45,2.78,3.04
04-01-2017,0.49,0.53,0.63,0.87,1.24,1.5,1.94,2.26,2.46,2.78,3.05
05-01-2017,0.51,0.52,0.62,0.83,1.17,1.43,1.86,2.18,2.37,2.69,2.96
06-01-2017,0.5,0.53,0.61,0.85,1.22,1.5,1.92,2.23,2.42,2.73,3
09-01-2017,0.5,0.5,0.6,0.82,1.21,1.47,1.89,2.18,2.38,2.69,2.97
10-01-2017,0.51,0.52,0.6,0.82,1.19,1.47,1.89,2.18,2.38,2.69,2.97
11-01-2017,0.51,0.52,0.6,0.82,1.2,1.47,1.89,2.18,2.38,2.68,2.96
12-01-2017,0.52,0.52,0.59,0.81,1.18,1.45,1.87,2.17,2.36,2.68,3.01
13-01-2017,0.52,0.53,0.61,0.82,1.21,1.48,1.9,2.2,2.4,2.71,2.99
17-01-2017,0.52,0.55,0.62,0.8,1.17,1.42,1.84,2.14,2.33,2.66,2.93
18-01-2017,0.48,0.53,0.63,0.82,1.23,1.51,1.93,2.24,2.42,2.74,3
19-01-2017,0.47,0.52,0.62,0.83,1.25,1.53,1.97,2.28,2.47,2.77,3.04
20-01-2017,0.46,0.5,0.62,0.82,1.2,1.5,1.95,2.28,2.48,2.79,3.05
23-01-2017,0.46,0.51,0.59,0.79,1.16,1.43,1.88,2.19,2.41,2.72,2.99
24-01-2017,0.5,0.51,0.62,0.81,1.21,1.49,1.94,2.27,2.47,2.78,3.05
25-01-2017,0.48,0.5,0.61,0.82,1.23,1.52,1.99,2.33,2.53,2.84,3.1
26-01-2017,0.49,0.51,0.62,0.82,1.21,1.49,1.95,2.3,2.51,2.82,3.08
27-01-2017,0.49,0.52,0.63,0.82,1.22,1.48,1.94,2.28,2.49,2.8,3.06
30-01-2017,0.49,0.51,0.63,0.81,1.22,1.48,1.94,2.28,2.49,2.82,3.08
31-01-2017,0.5,0.52,0.64,0.84,1.19,1.46,1.9,2.24,2.45,2.78,3.05
01-02-2017,0.5,0.51,0.65,0.83,1.22,1.49,1.93,2.27,2.48,2.8,3.08
02-02-2017,0.5,0.52,0.64,0.84,1.21,1.48,1.92,2.27,2.48,2.8,3.09
03-02-2017,0.49,0.51,0.63,0.82,1.21,1.49,1.93,2.27,2.49,2.82,3.11
06-02-2017,0.48,0.53,0.62,0.79,1.16,1.43,1.86,2.19,2.42,2.76,3.05
07-02-2017,0.51,0.53,0.63,0.8,1.16,1.43,1.85,2.17,2.4,2.74,3.02
08-02-2017,0.52,0.54,0.63,0.79,1.15,1.4,1.81,2.14,2.34,2.68,2.96
09-02-2017,0.51,0.54,0.64,0.8,1.2,1.46,1.88,2.2,2.4,2.74,3.02
10-02-2017,0.51,0.55,0.64,0.81,1.2,1.47,1.89,2.22,2.41,2.75,3.01
13-02-2017,0.5,0.52,0.63,0.82,1.2,1.48,1.92,2.24,2.43,2.77,3.03
14-02-2017,0.51,0.54,0.66,0.84,1.25,1.53,1.98,2.29,2.47,2.81,3.07
15-02-2017,0.53,0.54,0.67,0.86,1.27,1.57,2.01,2.33,2.51,2.84,3.09
16-02-2017,0.51,0.53,0.66,0.82,1.22,1.5,1.95,2.26,2.45,2.8,3.05
17-02-2017,0.5,0.53,0.66,0.82,1.21,1.48,1.92,2.23,2.42,2.78,3.03
21-02-2017,0.49,0.53,0.69,0.83,1.22,1.5,1.93,2.24,2.43,2.78,3.04
22-02-2017,0.47,0.52,0.68,0.82,1.22,1.49,1.92,2.23,2.42,2.78,3.04
23-02-2017,0.39,0.51,0.66,0.81,1.18,1.44,1.87,2.2,2.38,2.75,3.02
24-02-2017,0.4,0.52,0.65,0.8,1.12,1.38,1.8,2.12,2.31,2.69,2.95
27-02-2017,0.44,0.5,0.68,0.81,1.2,1.46,1.87,2.18,2.36,2.72,2.98
28-02-2017,0.4,0.53,0.69,0.88,1.22,1.49,1.89,2.19,2.36,2.7,2.97
01-03-2017,0.46,0.63,0.79,0.92,1.29,1.57,1.99,2.29,2.46,2.81,3.06
02-03-2017,0.52,0.67,0.84,0.98,1.32,1.6,2.03,2.32,2.49,2.84,3.09
03-03-2017,0.56,0.71,0.84,0.98,1.32,1.59,2.02,2.32,2.49,2.83,3.08
06-03-2017,0.56,0.74,0.83,0.97,1.31,1.6,2.02,2.32,2.49,2.84,3.1
07-03-2017,0.55,0.76,0.87,1.02,1.32,1.62,2.05,2.34,2.52,2.85,3.11
08-03-2017,0.54,0.73,0.86,1.03,1.36,1.65,2.08,2.38,2.57,2.89,3.15
09-03-2017,0.5,0.73,0.88,1.04,1.37,1.67,2.13,2.43,2.6,2.94,3.19
10-03-2017,0.6,0.75,0.89,1.03,1.36,1.66,2.11,2.4,2.58,2.94,3.16
13-03-2017,0.69,0.79,0.93,1.06,1.4,1.69,2.14,2.43,2.62,2.97,3.2
14-03-2017,0.77,0.78,0.93,1.06,1.4,1.68,2.13,2.42,2.6,2.94,3.17
15-03-2017,0.71,0.73,0.89,1.02,1.33,1.59,2.02,2.31,2.51,2.87,3.11
16-03-2017,0.68,0.73,0.89,1.01,1.35,1.63,2.05,2.34,2.53,2.89,3.14
17-03-2017,0.71,0.73,0.87,1,1.33,1.6,2.03,2.31,2.5,2.86,3.11
20-03-2017,0.7,0.76,0.89,1.01,1.3,1.57,2,2.28,2.47,2.83,3.08
21-03-2017,0.76,0.77,0.91,1,1.27,1.54,1.96,2.24,2.43,2.79,3.04
22-03-2017,0.74,0.77,0.9,0.99,1.27,1.52,1.95,2.22,2.4,2.76,3.02
23-03-2017,0.73,0.76,0.9,0.99,1.26,1.52,1.95,2.23,2.41,2.76,3.02
24-03-2017,0.73,0.78,0.89,1,1.26,1.52,1.93,2.22,2.4,2.74,3
27-03-2017,0.73,0.78,0.91,1,1.27,1.51,1.93,2.2,2.38,2.73,2.98
28-03-2017,0.75,0.78,0.92,1.03,1.3,1.56,1.97,2.25,2.42,2.77,3.02
29-03-2017,0.76,0.78,0.92,1.04,1.26,1.53,1.93,2.21,2.39,2.74,2.99
30-03-2017,0.75,0.78,0.91,1.03,1.28,1.55,1.96,2.25,2.42,2.78,3.03
31-03-2017,0.74,0.76,0.91,1.03,1.27,1.5,1.93,2.22,2.4,2.76,3.02
03-04-2017,0.73,0.79,0.92,1.02,1.24,1.47,1.88,2.16,2.35,2.71,2.98
04-04-2017,0.77,0.79,0.92,1.03,1.25,1.47,1.88,2.16,2.36,2.72,2.99
05-04-2017,0.77,0.8,0.93,1.03,1.24,1.44,1.85,2.14,2.34,2.71,2.98
06-04-2017,0.78,0.79,0.94,1.05,1.24,1.45,1.87,2.15,2.34,2.72,2.99
07-04-2017,0.77,0.82,0.95,1.08,1.29,1.52,1.92,2.2,2.38,2.74,3
10-04-2017,0.77,0.82,0.97,1.07,1.29,1.52,1.91,2.18,2.37,2.72,2.99
11-04-2017,0.74,0.82,0.94,1.05,1.24,1.45,1.84,2.11,2.32,2.67,2.93
12-04-2017,0.77,0.81,0.95,1.04,1.24,1.44,1.81,2.09,2.28,2.65,2.92
13-04-2017,0.76,0.81,0.94,1.03,1.21,1.4,1.77,2.05,2.24,2.62,2.89
17-04-2017,0.76,0.83,0.94,1.04,1.21,1.42,1.79,2.07,2.26,2.65,2.92
18-04-2017,0.76,0.82,0.94,1.02,1.18,1.35,1.71,1.98,2.18,2.56,2.84
19-04-2017,0.75,0.81,0.94,1.02,1.19,1.38,1.74,2.02,2.21,2.59,2.87
20-04-2017,0.73,0.79,0.93,1.01,1.21,1.41,1.78,2.06,2.24,2.61,2.89
21-04-2017,0.72,0.79,0.92,0.99,1.2,1.4,1.77,2.05,2.24,2.61,2.89
24-04-2017,0.74,0.81,0.96,1.03,1.25,1.44,1.81,2.09,2.28,2.65,2.93
25-04-2017,0.73,0.82,0.98,1.09,1.29,1.49,1.87,2.15,2.35,2.71,2.99
26-04-2017,0.74,0.83,0.99,1.07,1.28,1.46,1.84,2.12,2.32,2.69,2.97
27-04-2017,0.7,0.81,0.98,1.06,1.25,1.44,1.81,2.1,2.3,2.68,2.96
28-04-2017,0.68,0.8,0.99,1.07,1.28,1.45,1.81,2.1,2.29,2.67,2.96
01-05-2017,0.67,0.83,0.98,1.09,1.28,1.48,1.84,2.13,2.33,2.71,3
02-05-2017,0.72,0.82,0.99,1.08,1.27,1.45,1.81,2.09,2.29,2.68,2.97
03-05-2017,0.73,0.85,1,1.1,1.3,1.5,1.86,2.14,2.33,2.7,2.97
04-05-2017,0.71,0.86,1,1.11,1.32,1.51,1.88,2.17,2.36,2.73,3
05-05-2017,0.71,0.9,1.01,1.1,1.32,1.52,1.89,2.17,2.36,2.73,2.99
08-05-2017,0.73,0.91,1.02,1.12,1.33,1.53,1.91,2.19,2.39,2.76,3.02
09-05-2017,0.74,0.91,1.04,1.14,1.37,1.57,1.94,2.22,2.42,2.79,3.04
10-05-2017,0.71,0.9,1.04,1.13,1.35,1.56,1.94,2.22,2.41,2.79,3.03
11-05-2017,0.68,0.89,1.04,1.13,1.35,1.55,1.93,2.2,2.39,2.78,3.03
12-05-2017,0.69,0.88,1.03,1.11,1.29,1.49,1.85,2.13,2.33,2.74,2.98
15-05-2017,0.73,0.9,1.02,1.11,1.31,1.49,1.86,2.14,2.34,2.76,3
16-05-2017,0.72,0.9,1.04,1.11,1.29,1.48,1.86,2.13,2.33,2.74,2.99
17-05-2017,0.72,0.9,1,1.08,1.26,1.42,1.76,2.03,2.22,2.65,2.91
18-05-2017,0.73,0.93,1.02,1.09,1.27,1.44,1.78,2.04,2.23,2.64,2.9
19-05-2017,0.71,0.92,1.03,1.1,1.28,1.45,1.79,2.05,2.23,2.63,2.9
22-05-2017,0.7,0.93,1.05,1.12,1.29,1.45,1.8,2.06,2.25,2.64,2.91
23-05-2017,0.76,0.92,1.08,1.14,1.31,1.49,1.84,2.1,2.29,2.68,2.95
24-05-2017,0.76,0.93,1.07,1.18,1.29,1.46,1.79,2.07,2.26,2.65,2.92
25-05-2017,0.72,0.94,1.08,1.16,1.3,1.46,1.78,2.06,2.25,2.65,2.92
26-05-2017,0.75,0.94,1.08,1.17,1.3,1.46,1.79,2.06,2.25,2.65,2.92
30-05-2017,0.77,0.93,1.07,1.16,1.28,1.44,1.76,2.02,2.21,2.61,2.88
31-05-2017,0.86,0.98,1.08,1.17,1.28,1.44,1.75,2.02,2.21,2.6,2.87
01-06-2017,0.82,0.98,1.07,1.16,1.28,1.45,1.76,2.02,2.21,2.6,2.87
02-06-2017,0.82,0.98,1.06,1.16,1.28,1.42,1.71,1.96,2.15,2.53,2.8
05-06-2017,0.83,0.96,1.06,1.16,1.32,1.45,1.74,1.99,2.18,2.56,2.84
06-06-2017,0.83,0.97,1.08,1.16,1.3,1.42,1.71,1.95,2.14,2.53,2.81
07-06-2017,0.84,1,1.09,1.17,1.32,1.45,1.74,1.99,2.18,2.56,2.84
08-06-2017,0.8,1.01,1.11,1.19,1.33,1.47,1.75,2,2.19,2.57,2.85
09-06-2017,0.8,1.01,1.13,1.2,1.35,1.5,1.77,2.02,2.21,2.59,2.86
12-06-2017,0.82,0.98,1.09,1.19,1.35,1.5,1.78,2.02,2.21,2.59,2.86
13-06-2017,0.89,1,1.12,1.22,1.38,1.51,1.79,2.02,2.21,2.6,2.87
14-06-2017,0.9,1.01,1.12,1.2,1.35,1.48,1.74,1.96,2.15,2.53,2.79
15-06-2017,0.86,1.02,1.13,1.21,1.35,1.49,1.76,1.98,2.16,2.52,2.78
16-06-2017,0.85,1.03,1.13,1.21,1.32,1.48,1.75,1.97,2.16,2.52,2.78
19-06-2017,0.85,1.02,1.13,1.22,1.36,1.52,1.8,2.02,2.19,2.53,2.79
20-06-2017,0.88,1.01,1.14,1.22,1.36,1.5,1.77,1.99,2.16,2.49,2.74
21-06-2017,0.85,0.99,1.12,1.22,1.36,1.5,1.78,2,2.16,2.48,2.73
22-06-2017,0.8,0.96,1.1,1.22,1.34,1.48,1.76,1.98,2.15,2.47,2.72
23-06-2017,0.76,0.97,1.1,1.21,1.34,1.48,1.77,1.98,2.15,2.48,2.71
26-06-2017,0.81,0.99,1.1,1.2,1.36,1.48,1.77,1.97,2.14,2.46,2.7
27-06-2017,0.89,1,1.13,1.22,1.38,1.53,1.83,2.04,2.21,2.52,2.75
28-06-2017,0.89,1.02,1.12,1.21,1.34,1.51,1.81,2.05,2.22,2.55,2.77
29-06-2017,0.88,1.04,1.14,1.23,1.38,1.53,1.85,2.1,2.27,2.59,2.82
30-06-2017,0.84,1.03,1.14,1.24,1.38,1.55,1.89,2.14,2.31,2.61,2.84
03-07-2017,0.96,1.06,1.13,1.24,1.41,1.6,1.93,2.19,2.35,2.65,2.86
05-07-2017,0.97,1.05,1.15,1.24,1.41,1.59,1.92,2.17,2.33,2.63,2.85
06-07-2017,0.95,1.04,1.14,1.23,1.4,1.6,1.94,2.21,2.37,2.68,2.9
07-07-2017,0.94,1.05,1.14,1.22,1.4,1.6,1.95,2.22,2.39,2.71,2.93
10-07-2017,0.95,1.04,1.13,1.23,1.4,1.59,1.93,2.2,2.38,2.7,2.93
11-07-2017,0.97,1.05,1.14,1.2,1.37,1.57,1.92,2.18,2.37,2.69,2.92
12-07-2017,0.94,1.05,1.13,1.21,1.35,1.53,1.88,2.14,2.33,2.65,2.89
13-07-2017,0.95,1.05,1.14,1.23,1.37,1.55,1.89,2.16,2.35,2.69,2.92
14-07-2017,0.93,1.04,1.12,1.22,1.35,1.54,1.87,2.13,2.33,2.67,2.91
17-07-2017,0.95,1.07,1.1,1.22,1.36,1.53,1.86,2.12,2.31,2.65,2.89
18-07-2017,0.95,1.07,1.11,1.19,1.36,1.52,1.82,2.08,2.27,2.61,2.85
19-07-2017,0.99,1.11,1.12,1.23,1.37,1.52,1.83,2.09,2.27,2.61,2.85
20-07-2017,1,1.15,1.12,1.22,1.37,1.51,1.82,2.08,2.27,2.6,2.83
21-07-2017,1,1.16,1.1,1.22,1.36,1.5,1.81,2.05,2.24,2.57,2.81
24-07-2017,1,1.17,1.12,1.23,1.37,1.53,1.83,2.07,2.26,2.59,2.83
25-07-2017,0.96,1.18,1.15,1.24,1.4,1.56,1.9,2.15,2.33,2.67,2.91
26-07-2017,1.02,1.13,1.14,1.23,1.36,1.5,1.83,2.09,2.29,2.65,2.89
27-07-2017,1.01,1.11,1.13,1.22,1.36,1.52,1.84,2.12,2.32,2.68,2.93
28-07-2017,1,1.08,1.13,1.22,1.34,1.51,1.83,2.1,2.3,2.65,2.89
31-07-2017,1,1.07,1.13,1.23,1.34,1.51,1.84,2.11,2.3,2.66,2.89
01-08-2017,1,1.08,1.15,1.22,1.34,1.5,1.8,2.07,2.26,2.61,2.86
02-08-2017,1.02,1.08,1.15,1.24,1.36,1.52,1.82,2.08,2.27,2.6,2.85
03-08-2017,1,1.08,1.13,1.22,1.34,1.49,1.79,2.05,2.24,2.56,2.81
04-08-2017,1,1.08,1.14,1.23,1.36,1.51,1.82,2.08,2.27,2.61,2.84
07-08-2017,0.99,1.02,1.14,1.22,1.36,1.52,1.81,2.07,2.26,2.6,2.84
08-08-2017,1,1.06,1.16,1.24,1.36,1.53,1.84,2.1,2.29,2.63,2.86
09-08-2017,1.01,1.06,1.15,1.21,1.33,1.5,1.81,2.06,2.24,2.59,2.82
10-08-2017,1.02,1.05,1.14,1.22,1.33,1.49,1.78,2.03,2.2,2.55,2.79
11-08-2017,0.99,1.03,1.14,1.21,1.3,1.43,1.74,2,2.19,2.55,2.79
14-08-2017,0.95,1.02,1.13,1.23,1.33,1.48,1.77,2.04,2.22,2.57,2.81
15-08-2017,0.97,1.04,1.16,1.23,1.35,1.51,1.83,2.09,2.27,2.6,2.84
16-08-2017,0.97,1.02,1.13,1.24,1.33,1.49,1.79,2.04,2.23,2.58,2.81
17-08-2017,0.95,1,1.11,1.24,1.32,1.46,1.76,2.01,2.19,2.54,2.78
18-08-2017,0.97,1.02,1.13,1.24,1.33,1.47,1.77,2.01,2.19,2.54,2.78
21-08-2017,0.95,1,1.11,1.23,1.32,1.46,1.76,2,2.18,2.52,2.77
22-08-2017,0.93,1,1.13,1.24,1.33,1.48,1.8,2.04,2.22,2.55,2.79
23-08-2017,0.98,1,1.11,1.22,1.32,1.45,1.76,1.99,2.17,2.51,2.75
24-08-2017,0.98,1.02,1.11,1.23,1.33,1.47,1.78,2.01,2.19,2.53,2.77
25-08-2017,0.99,1.03,1.11,1.23,1.35,1.47,1.77,2,2.17,2.51,2.75
28-08-2017,0.99,0.98,1.12,1.24,1.33,1.46,1.74,1.99,2.16,2.51,2.76
29-08-2017,0.96,1.03,1.13,1.23,1.33,1.43,1.7,1.96,2.13,2.48,2.74
30-08-2017,0.96,1.03,1.11,1.23,1.33,1.44,1.72,1.97,2.15,2.49,2.75
31-08-2017,0.95,1.01,1.08,1.23,1.33,1.44,1.7,1.95,2.12,2.47,2.73
01-09-2017,0.96,1.02,1.1,1.24,1.35,1.46,1.73,1.99,2.16,2.51,2.77
05-09-2017,1.3,1.03,1.13,1.23,1.3,1.4,1.65,1.9,2.07,2.43,2.69
06-09-2017,1.04,1.07,1.17,1.24,1.3,1.42,1.69,1.93,2.1,2.46,2.72
07-09-2017,0.98,1.05,1.15,1.21,1.27,1.38,1.63,1.88,2.05,2.4,2.66
08-09-2017,0.96,1.04,1.14,1.22,1.27,1.39,1.64,1.89,2.06,2.41,2.67
11-09-2017,0.97,1.05,1.16,1.24,1.32,1.44,1.71,1.96,2.14,2.49,2.75
12-09-2017,0.99,1.03,1.16,1.27,1.33,1.46,1.75,1.99,2.17,2.52,2.78
13-09-2017,0.99,1.04,1.16,1.27,1.35,1.48,1.78,2.01,2.2,2.53,2.79
14-09-2017,0.99,1.05,1.17,1.28,1.37,1.5,1.79,2.01,2.2,2.52,2.77
15-09-2017,0.98,1.05,1.17,1.3,1.39,1.53,1.81,2.04,2.2,2.52,2.77
18-09-2017,0.96,1.05,1.18,1.3,1.4,1.54,1.83,2.06,2.23,2.56,2.8
19-09-2017,0.97,1.04,1.19,1.31,1.4,1.55,1.84,2.07,2.24,2.57,2.81
20-09-2017,0.98,1.04,1.2,1.32,1.45,1.6,1.89,2.12,2.28,2.59,2.82
21-09-2017,0.99,1.04,1.19,1.31,1.45,1.59,1.89,2.11,2.27,2.57,2.8
22-09-2017,0.97,1.03,1.19,1.3,1.46,1.58,1.88,2.1,2.26,2.57,2.8
25-09-2017,0.97,1.05,1.19,1.3,1.44,1.56,1.85,2.07,2.22,2.53,2.76
26-09-2017,0.96,1.06,1.19,1.31,1.45,1.57,1.87,2.08,2.24,2.54,2.78
27-09-2017,0.99,1.07,1.2,1.33,1.47,1.6,1.91,2.14,2.31,2.62,2.86
28-09-2017,0.97,1.06,1.18,1.31,1.45,1.59,1.89,2.13,2.31,2.63,2.87
29-09-2017,0.96,1.06,1.2,1.31,1.47,1.62,1.92,2.16,2.33,2.63,2.86
02-10-2017,0.95,1.01,1.22,1.31,1.49,1.63,1.94,2.17,2.34,2.64,2.87
03-10-2017,1.01,1.07,1.21,1.32,1.47,1.62,1.92,2.15,2.33,2.63,2.87
04-10-2017,1,1.08,1.21,1.33,1.47,1.62,1.92,2.15,2.33,2.64,2.87
05-10-2017,1.02,1.07,1.21,1.35,1.49,1.63,1.94,2.17,2.35,2.65,2.89
06-10-2017,1.03,1.07,1.22,1.35,1.54,1.66,1.97,2.2,2.37,2.68,2.91
10-10-2017,1.03,1.08,1.26,1.42,1.51,1.64,1.95,2.18,2.35,2.65,2.88
11-10-2017,1.04,1.1,1.25,1.4,1.51,1.66,1.95,2.17,2.35,2.64,2.88
12-10-2017,0.99,1.09,1.27,1.41,1.51,1.66,1.95,2.16,2.33,2.62,2.86
13-10-2017,0.97,1.09,1.26,1.39,1.51,1.64,1.91,2.12,2.28,2.58,2.81
16-10-2017,0.97,1.1,1.24,1.42,1.54,1.68,1.95,2.15,2.3,2.58,2.82
17-10-2017,0.99,1.09,1.25,1.41,1.54,1.69,1.97,2.15,2.3,2.58,2.8
18-10-2017,0.99,1.09,1.24,1.42,1.59,1.7,1.99,2.19,2.34,2.62,2.85
19-10-2017,0.99,1.1,1.25,1.41,1.58,1.69,1.98,2.18,2.33,2.6,2.83
20-10-2017,0.99,1.11,1.27,1.43,1.6,1.72,2.03,2.24,2.39,2.67,2.89
23-10-2017,1,1.09,1.25,1.42,1.58,1.7,2.01,2.22,2.38,2.66,2.89
24-10-2017,1,1.12,1.27,1.43,1.6,1.73,2.05,2.26,2.42,2.7,2.92
25-10-2017,1.01,1.12,1.27,1.43,1.61,1.74,2.06,2.28,2.44,2.72,2.95
26-10-2017,0.99,1.11,1.29,1.43,1.63,1.76,2.07,2.3,2.46,2.74,2.96
27-10-2017,0.98,1.1,1.28,1.42,1.59,1.73,2.03,2.26,2.42,2.71,2.93
30-10-2017,0.97,1.12,1.24,1.42,1.58,1.71,2,2.22,2.37,2.66,2.88
31-10-2017,0.99,1.15,1.28,1.43,1.6,1.73,2.01,2.23,2.38,2.66,2.88
01-11-2017,1.06,1.18,1.3,1.46,1.61,1.74,2.01,2.22,2.37,2.63,2.85
02-11-2017,1.02,1.17,1.29,1.46,1.61,1.73,2,2.21,2.35,2.61,2.83
03-11-2017,1.02,1.18,1.31,1.49,1.63,1.74,1.99,2.19,2.34,2.59,2.82
06-11-2017,1.03,1.19,1.3,1.5,1.61,1.73,1.99,2.17,2.32,2.58,2.8
07-11-2017,1.05,1.22,1.33,1.49,1.63,1.75,1.99,2.17,2.32,2.56,2.77
08-11-2017,1.05,1.23,1.35,1.53,1.65,1.77,2.01,2.19,2.32,2.57,2.79
09-11-2017,1.07,1.24,1.36,1.53,1.63,1.75,2.01,2.2,2.33,2.59,2.81
10-11-2017,1.06,1.23,1.37,1.54,1.67,1.79,2.06,2.27,2.4,2.67,2.88
13-11-2017,1.07,1.24,1.37,1.55,1.7,1.82,2.08,2.27,2.4,2.67,2.87
14-11-2017,1.06,1.26,1.4,1.55,1.68,1.81,2.06,2.26,2.38,2.64,2.84
15-11-2017,1.08,1.25,1.39,1.55,1.68,1.79,2.04,2.21,2.33,2.58,2.77
16-11-2017,1.08,1.27,1.42,1.59,1.72,1.83,2.07,2.25,2.37,2.62,2.81
17-11-2017,1.08,1.29,1.42,1.6,1.73,1.83,2.06,2.23,2.35,2.59,2.78
20-11-2017,1.09,1.3,1.46,1.62,1.77,1.86,2.09,2.26,2.37,2.6,2.78
21-11-2017,1.15,1.3,1.45,1.62,1.77,1.88,2.11,2.27,2.36,2.58,2.76
22-11-2017,1.16,1.29,1.45,1.61,1.74,1.84,2.05,2.22,2.32,2.57,2.75
24-11-2017,1.14,1.29,1.45,1.61,1.75,1.85,2.07,2.23,2.34,2.58,2.76
27-11-2017,1.15,1.27,1.41,1.62,1.74,1.84,2.06,2.21,2.32,2.57,2.76
28-11-2017,1.16,1.3,1.46,1.61,1.75,1.85,2.07,2.24,2.34,2.58,2.77
29-11-2017,1.17,1.29,1.45,1.61,1.78,1.86,2.09,2.27,2.37,2.62,2.81
30-11-2017,1.14,1.27,1.44,1.62,1.78,1.9,2.14,2.31,2.42,2.65,2.83
01-12-2017,1.14,1.27,1.45,1.62,1.78,1.9,2.13,2.28,2.37,2.58,2.76
04-12-2017,1.16,1.29,1.45,1.66,1.8,1.93,2.15,2.29,2.37,2.58,2.77
05-12-2017,1.21,1.3,1.48,1.64,1.83,1.94,2.15,2.28,2.36,2.55,2.73
06-12-2017,1.18,1.3,1.48,1.68,1.78,1.92,2.11,2.25,2.33,2.53,2.71
07-12-2017,1.16,1.29,1.47,1.67,1.8,1.92,2.14,2.29,2.37,2.58,2.76
08-12-2017,1.14,1.28,1.45,1.65,1.8,1.92,2.14,2.29,2.38,2.59,2.77
11-12-2017,1.18,1.33,1.47,1.69,1.82,1.95,2.16,2.3,2.39,2.59,2.77
12-12-2017,1.26,1.34,1.49,1.7,1.83,1.95,2.18,2.32,2.4,2.6,2.79
13-12-2017,1.22,1.3,1.47,1.68,1.79,1.9,2.12,2.26,2.36,2.56,2.74
14-12-2017,1.21,1.32,1.48,1.7,1.82,1.92,2.14,2.27,2.35,2.53,2.71
15-12-2017,1.24,1.31,1.48,1.71,1.84,1.95,2.16,2.28,2.35,2.52,2.68
18-12-2017,1.26,1.38,1.51,1.7,1.84,1.94,2.17,2.3,2.39,2.57,2.74
19-12-2017,1.25,1.37,1.51,1.71,1.87,1.97,2.23,2.37,2.46,2.66,2.82
20-12-2017,1.22,1.38,1.51,1.72,1.87,1.98,2.24,2.4,2.49,2.71,2.88
21-12-2017,1.21,1.35,1.54,1.73,1.89,2.01,2.26,2.39,2.48,2.68,2.84
22-12-2017,1.15,1.33,1.54,1.73,1.91,2.01,2.26,2.4,2.48,2.68,2.83
26-12-2017,1.24,1.47,1.52,1.75,1.92,2.02,2.25,2.38,2.47,2.66,2.82
27-12-2017,1.18,1.44,1.53,1.75,1.89,1.99,2.22,2.34,2.42,2.59,2.75
28-12-2017,1.19,1.39,1.54,1.76,1.91,2,2.23,2.36,2.43,2.6,2.75
29-12-2017,1.28,1.39,1.53,1.76,1.89,1.98,2.2,2.33,2.4,2.58,2.74
02-01-2018,1.29,1.44,1.61,1.83,1.92,2.01,2.25,2.38,2.46,2.64,2.81
03-01-2018,1.29,1.41,1.59,1.81,1.94,2.02,2.25,2.37,2.44,2.62,2.78
04-01-2018,1.28,1.41,1.6,1.82,1.96,2.05,2.27,2.38,2.46,2.62,2.79
05-01-2018,1.27,1.39,1.58,1.8,1.96,2.06,2.29,2.4,2.47,2.64,2.81
08-01-2018,1.3,1.45,1.6,1.79,1.96,2.07,2.29,2.41,2.49,2.65,2.81
09-01-2018,1.27,1.44,1.6,1.78,1.98,2.09,2.33,2.46,2.55,2.72,2.88
10-01-2018,1.31,1.42,1.59,1.78,1.98,2.08,2.32,2.47,2.55,2.73,2.88
11-01-2018,1.32,1.43,1.58,1.77,1.98,2.09,2.32,2.46,2.54,2.72,2.91
12-01-2018,1.31,1.43,1.59,1.78,1.99,2.12,2.35,2.48,2.55,2.71,2.85
16-01-2018,1.33,1.45,1.63,1.79,2.03,2.12,2.36,2.48,2.54,2.69,2.83
17-01-2018,1.31,1.44,1.63,1.79,2.05,2.15,2.39,2.51,2.57,2.71,2.84
18-01-2018,1.29,1.45,1.63,1.79,2.05,2.17,2.43,2.55,2.62,2.77,2.9
19-01-2018,1.28,1.44,1.62,1.79,2.06,2.2,2.45,2.57,2.64,2.78,2.91
22-01-2018,1.27,1.44,1.65,1.79,2.08,2.21,2.46,2.59,2.66,2.79,2.93
23-01-2018,1.26,1.44,1.63,1.78,2.06,2.18,2.43,2.55,2.63,2.77,2.9
24-01-2018,1.25,1.43,1.63,1.79,2.08,2.2,2.43,2.57,2.65,2.8,2.93
25-01-2018,1.23,1.42,1.64,1.8,2.08,2.2,2.41,2.55,2.63,2.76,2.89
26-01-2018,1.24,1.41,1.64,1.8,2.13,2.24,2.47,2.6,2.66,2.79,2.91
29-01-2018,1.28,1.44,1.66,1.8,2.11,2.26,2.49,2.63,2.7,2.82,2.94
30-01-2018,1.49,1.44,1.66,1.88,2.13,2.27,2.51,2.65,2.73,2.86,2.98
31-01-2018,1.43,1.46,1.66,1.9,2.14,2.29,2.52,2.66,2.72,2.83,2.95
01-02-2018,1.41,1.48,1.64,1.89,2.16,2.33,2.56,2.72,2.78,2.9,3.01
02-02-2018,1.4,1.48,1.65,1.88,2.15,2.33,2.58,2.76,2.84,2.97,3.08
05-02-2018,1.4,1.51,1.67,1.85,2.08,2.25,2.5,2.68,2.77,2.92,3.04
06-02-2018,1.48,1.52,1.69,1.87,2.1,2.3,2.52,2.7,2.79,2.94,3.06
07-02-2018,1.36,1.55,1.73,1.91,2.15,2.33,2.57,2.75,2.84,3.01,3.12
08-02-2018,1.32,1.55,1.73,1.91,2.13,2.32,2.57,2.76,2.85,3.03,3.14
09-02-2018,1.31,1.55,1.73,1.89,2.05,2.26,2.52,2.72,2.83,3.02,3.14
12-02-2018,1.35,1.62,1.82,1.93,2.09,2.3,2.56,2.77,2.86,3.02,3.14
13-02-2018,1.34,1.59,1.8,1.95,2.1,2.3,2.54,2.74,2.83,2.99,3.11
14-02-2018,1.32,1.58,1.81,1.98,2.17,2.4,2.65,2.84,2.91,3.07,3.18
15-02-2018,1.3,1.58,1.82,1.99,2.19,2.4,2.65,2.83,2.9,3.04,3.15
16-02-2018,1.35,1.62,1.83,2,2.21,2.38,2.63,2.81,2.87,3.02,3.13
20-02-2018,1.39,1.66,1.87,2.01,2.25,2.4,2.65,2.81,2.88,3.04,3.15
21-02-2018,1.4,1.64,1.85,2.03,2.26,2.44,2.69,2.86,2.94,3.11,3.22
22-02-2018,1.34,1.63,1.84,2.02,2.25,2.42,2.66,2.84,2.92,3.09,3.21
23-02-2018,1.38,1.64,1.85,2.02,2.25,2.39,2.62,2.79,2.88,3.04,3.16
26-02-2018,1.39,1.66,1.87,2.03,2.22,2.37,2.6,2.77,2.86,3.03,3.15
27-02-2018,1.49,1.66,1.87,2.08,2.27,2.43,2.67,2.83,2.9,3.06,3.17
28-02-2018,1.5,1.65,1.86,2.07,2.25,2.42,2.65,2.8,2.87,3.02,3.13
01-03-2018,1.5,1.63,1.85,2.05,2.22,2.36,2.58,2.74,2.81,2.97,3.09
02-03-2018,1.5,1.65,1.86,2.06,2.25,2.4,2.63,2.79,2.86,3.02,3.14
05-03-2018,1.53,1.7,1.86,2.06,2.24,2.41,2.65,2.81,2.88,3.04,3.16
06-03-2018,1.56,1.68,1.87,2.06,2.25,2.42,2.65,2.81,2.88,3.03,3.14
07-03-2018,1.57,1.68,1.87,2.05,2.25,2.42,2.65,2.81,2.89,3.04,3.15
08-03-2018,1.57,1.67,1.89,2.05,2.25,2.42,2.63,2.79,2.86,3.01,3.13
09-03-2018,1.57,1.67,1.89,2.03,2.27,2.45,2.65,2.82,2.9,3.04,3.16
12-03-2018,1.6,1.71,1.89,2.05,2.27,2.43,2.64,2.79,2.87,3,3.13
13-03-2018,1.64,1.73,1.9,2.03,2.26,2.41,2.62,2.77,2.84,2.98,3.1
14-03-2018,1.71,1.76,1.94,2.05,2.26,2.41,2.61,2.75,2.81,2.94,3.05
15-03-2018,1.7,1.77,1.95,2.07,2.29,2.42,2.62,2.76,2.82,2.94,3.05
16-03-2018,1.71,1.78,1.96,2.08,2.31,2.44,2.65,2.78,2.85,2.96,3.08
19-03-2018,1.7,1.8,1.99,2.08,2.31,2.45,2.65,2.78,2.85,2.97,3.09
20-03-2018,1.76,1.81,1.97,2.08,2.34,2.49,2.69,2.82,2.89,3.01,3.12
21-03-2018,1.71,1.74,1.95,2.06,2.31,2.46,2.69,2.82,2.89,3.01,3.12
22-03-2018,1.67,1.72,1.95,2.05,2.29,2.43,2.63,2.76,2.83,2.94,3.06
23-03-2018,1.69,1.74,1.92,2.04,2.28,2.41,2.61,2.74,2.82,2.94,3.06
26-03-2018,1.71,1.79,1.94,2.06,2.33,2.44,2.64,2.78,2.85,2.96,3.08
27-03-2018,1.69,1.77,1.93,2.1,2.26,2.39,2.58,2.7,2.78,2.9,3.03
28-03-2018,1.65,1.73,1.95,2.12,2.28,2.41,2.59,2.72,2.77,2.89,3.01
29-03-2018,1.63,1.73,1.93,2.09,2.27,2.39,2.56,2.68,2.74,2.85,2.97
02-04-2018,1.68,1.77,1.92,2.08,2.25,2.37,2.55,2.67,2.73,2.85,2.97
03-04-2018,1.7,1.75,1.92,2.09,2.28,2.41,2.6,2.73,2.79,2.9,3.02
04-04-2018,1.67,1.71,1.9,2.07,2.28,2.42,2.61,2.73,2.79,2.91,3.03
05-04-2018,1.67,1.72,1.93,2.07,2.3,2.45,2.64,2.76,2.83,2.95,3.07
06-04-2018,1.68,1.73,1.91,2.06,2.27,2.4,2.58,2.7,2.77,2.89,3.01
09-04-2018,1.67,1.76,1.93,2.08,2.29,2.43,2.6,2.72,2.78,2.89,3.02
10-04-2018,1.63,1.74,1.93,2.09,2.32,2.45,2.62,2.74,2.8,2.89,3.02
11-04-2018,1.64,1.73,1.95,2.09,2.32,2.45,2.62,2.72,2.79,2.87,2.99
12-04-2018,1.65,1.75,1.95,2.11,2.34,2.49,2.67,2.78,2.83,2.92,3.05
13-04-2018,1.64,1.76,1.97,2.12,2.37,2.51,2.67,2.77,2.82,2.91,3.03
16-04-2018,1.64,1.79,1.98,2.12,2.39,2.52,2.69,2.78,2.83,2.91,3.03
17-04-2018,1.68,1.8,2.02,2.16,2.41,2.52,2.68,2.77,2.82,2.89,3
18-04-2018,1.67,1.81,2.01,2.17,2.42,2.57,2.73,2.83,2.87,2.95,3.06
19-04-2018,1.67,1.82,2.01,2.21,2.44,2.58,2.77,2.87,2.92,3.01,3.11
20-04-2018,1.65,1.81,2.01,2.22,2.46,2.62,2.8,2.91,2.96,3.04,3.14
23-04-2018,1.69,1.87,2.04,2.25,2.49,2.64,2.83,2.94,2.98,3.05,3.15
24-04-2018,1.7,1.87,2.05,2.25,2.48,2.63,2.83,2.95,3,3.08,3.18
25-04-2018,1.65,1.85,2.03,2.26,2.49,2.64,2.84,2.97,3.03,3.12,3.21
26-04-2018,1.62,1.82,2.02,2.25,2.49,2.63,2.82,2.95,3,3.08,3.18
27-04-2018,1.62,1.82,2.02,2.24,2.49,2.62,2.8,2.92,2.96,3.03,3.13
30-04-2018,1.65,1.87,2.04,2.24,2.49,2.62,2.79,2.91,2.95,3.01,3.11
01-05-2018,1.68,1.85,2.05,2.26,2.5,2.66,2.82,2.93,2.97,3.03,3.13
02-05-2018,1.69,1.84,2.03,2.24,2.49,2.64,2.8,2.92,2.97,3.04,3.14
03-05-2018,1.68,1.84,2.02,2.24,2.49,2.62,2.78,2.9,2.94,3.02,3.12
04-05-2018,1.67,1.84,2.03,2.24,2.51,2.63,2.78,2.9,2.95,3.02,3.12
07-05-2018,1.69,1.86,2.05,2.25,2.49,2.64,2.78,2.9,2.95,3.02,3.12
08-05-2018,1.69,1.87,2.05,2.26,2.51,2.66,2.81,2.93,2.97,3.04,3.13
09-05-2018,1.68,1.88,2.05,2.27,2.54,2.68,2.84,2.96,3,3.07,3.16
10-05-2018,1.69,1.9,2.05,2.27,2.54,2.69,2.83,2.94,2.97,3.04,3.12
11-05-2018,1.68,1.92,2.06,2.28,2.54,2.69,2.84,2.94,2.97,3.03,3.1
14-05-2018,1.7,1.93,2.09,2.28,2.55,2.7,2.85,2.96,3,3.06,3.13
15-05-2018,1.69,1.92,2.09,2.31,2.58,2.75,2.92,3.04,3.08,3.14,3.2
16-05-2018,1.69,1.92,2.09,2.32,2.58,2.76,2.94,3.05,3.09,3.16,3.21
17-05-2018,1.7,1.92,2.1,2.32,2.57,2.75,2.94,3.07,3.11,3.19,3.25
18-05-2018,1.68,1.91,2.09,2.32,2.55,2.71,2.9,3.02,3.06,3.14,3.2
21-05-2018,1.71,1.93,2.14,2.35,2.58,2.73,2.9,3.02,3.06,3.13,3.2
22-05-2018,1.73,1.93,2.13,2.34,2.59,2.73,2.9,3.02,3.06,3.14,3.21
23-05-2018,1.76,1.92,2.11,2.29,2.53,2.67,2.83,2.95,3.01,3.09,3.17
24-05-2018,1.74,1.91,2.09,2.28,2.5,2.65,2.82,2.93,2.98,3.06,3.13
25-05-2018,1.7,1.9,2.07,2.27,2.48,2.6,2.76,2.88,2.93,3.01,3.09
29-05-2018,1.77,1.93,2.06,2.17,2.32,2.43,2.58,2.71,2.77,2.87,2.96
30-05-2018,1.77,1.94,2.08,2.23,2.42,2.53,2.67,2.79,2.84,2.93,3.01
31-05-2018,1.76,1.93,2.08,2.23,2.4,2.54,2.68,2.78,2.83,2.91,3
01-06-2018,1.74,1.92,2.1,2.28,2.47,2.61,2.74,2.85,2.89,2.96,3.04
04-06-2018,1.77,1.94,2.13,2.3,2.52,2.64,2.78,2.89,2.94,3,3.08
05-06-2018,1.82,1.94,2.13,2.32,2.49,2.62,2.76,2.87,2.92,2.99,3.07
06-06-2018,1.81,1.95,2.13,2.32,2.52,2.65,2.81,2.93,2.97,3.05,3.13
07-06-2018,1.78,1.94,2.12,2.31,2.5,2.63,2.77,2.88,2.93,3,3.08
08-06-2018,1.78,1.93,2.12,2.3,2.5,2.63,2.77,2.88,2.93,3,3.08
11-06-2018,1.82,1.94,2.11,2.32,2.52,2.66,2.8,2.91,2.96,3.02,3.1
12-06-2018,1.81,1.92,2.1,2.31,2.54,2.67,2.81,2.91,2.96,3.02,3.09
13-06-2018,1.82,1.94,2.09,2.35,2.59,2.71,2.85,2.95,2.98,3.04,3.1
14-06-2018,1.81,1.94,2.07,2.35,2.59,2.69,2.81,2.9,2.94,2.99,3.05
15-06-2018,1.82,1.94,2.07,2.35,2.55,2.68,2.81,2.89,2.93,2.98,3.05
18-06-2018,1.84,1.94,2.13,2.35,2.56,2.67,2.8,2.89,2.92,2.98,3.05
19-06-2018,1.85,1.94,2.13,2.34,2.54,2.64,2.77,2.84,2.89,2.95,3.02
20-06-2018,1.85,1.94,2.14,2.36,2.56,2.67,2.8,2.89,2.93,2.99,3.06
21-06-2018,1.85,1.94,2.12,2.34,2.56,2.65,2.77,2.86,2.9,2.97,3.04
22-06-2018,1.83,1.93,2.11,2.33,2.56,2.65,2.77,2.86,2.9,2.97,3.04
25-06-2018,1.8,1.93,2.13,2.34,2.54,2.63,2.75,2.83,2.87,2.95,3.02
26-06-2018,1.79,1.93,2.14,2.33,2.53,2.63,2.75,2.84,2.88,2.95,3.03
27-06-2018,1.79,1.93,2.1,2.33,2.52,2.59,2.71,2.79,2.83,2.9,2.97
28-06-2018,1.76,1.93,2.11,2.33,2.52,2.6,2.73,2.81,2.84,2.91,2.97
29-06-2018,1.77,1.93,2.11,2.33,2.52,2.63,2.73,2.81,2.85,2.91,2.98
02-07-2018,1.9,1.98,2.14,2.34,2.57,2.65,2.75,2.83,2.87,2.92,2.99
03-07-2018,1.91,1.98,2.12,2.33,2.53,2.63,2.72,2.79,2.83,2.89,2.96
05-07-2018,1.87,1.96,2.11,2.32,2.55,2.65,2.74,2.8,2.84,2.88,2.95
06-07-2018,1.86,1.97,2.13,2.34,2.53,2.64,2.71,2.78,2.82,2.87,2.94
09-07-2018,1.87,1.98,2.15,2.34,2.57,2.66,2.75,2.82,2.86,2.9,2.96
10-07-2018,1.88,1.99,2.15,2.36,2.59,2.69,2.77,2.83,2.87,2.91,2.97
11-07-2018,1.89,1.97,2.14,2.36,2.58,2.67,2.74,2.82,2.85,2.89,2.95
12-07-2018,1.89,1.98,2.17,2.39,2.6,2.68,2.75,2.83,2.85,2.89,2.95
13-07-2018,1.87,1.98,2.16,2.37,2.59,2.66,2.73,2.8,2.83,2.87,2.94
16-07-2018,1.9,2.01,2.19,2.39,2.59,2.67,2.75,2.82,2.85,2.9,2.96
17-07-2018,1.93,2.02,2.19,2.39,2.62,2.69,2.76,2.83,2.86,2.91,2.97
18-07-2018,1.9,2,2.17,2.43,2.6,2.69,2.77,2.84,2.88,2.93,2.99
19-07-2018,1.89,2,2.16,2.4,2.6,2.67,2.74,2.81,2.84,2.9,2.96
20-07-2018,1.86,1.99,2.16,2.41,2.6,2.68,2.77,2.85,2.89,2.96,3.03
23-07-2018,1.88,1.99,2.19,2.42,2.64,2.72,2.83,2.92,2.96,3.04,3.1
24-07-2018,1.92,2.02,2.19,2.42,2.63,2.74,2.83,2.91,2.95,3.02,3.08
25-07-2018,1.9,2.01,2.2,2.42,2.66,2.74,2.82,2.9,2.94,3,3.06
26-07-2018,1.89,1.99,2.19,2.41,2.69,2.78,2.86,2.95,2.98,3.05,3.1
27-07-2018,1.9,2,2.2,2.43,2.67,2.76,2.84,2.92,2.96,3.03,3.09
30-07-2018,1.91,2.04,2.21,2.43,2.66,2.77,2.85,2.94,2.98,3.05,3.11
31-07-2018,1.94,2.03,2.21,2.44,2.67,2.77,2.85,2.92,2.96,3.03,3.08
01-08-2018,1.93,2.03,2.22,2.45,2.67,2.78,2.87,2.96,3,3.07,3.13
02-08-2018,1.89,2.02,2.22,2.45,2.66,2.76,2.85,2.93,2.98,3.06,3.12
03-08-2018,1.9,2.01,2.23,2.43,2.63,2.74,2.82,2.91,2.95,3.03,3.09
06-08-2018,1.92,2.05,2.23,2.44,2.64,2.73,2.8,2.89,2.94,3.02,3.08
07-08-2018,1.96,2.06,2.23,2.45,2.68,2.76,2.84,2.92,2.98,3.06,3.12
08-08-2018,1.93,2.06,2.24,2.44,2.68,2.77,2.83,2.92,2.96,3.05,3.12
09-08-2018,1.91,2.06,2.25,2.44,2.64,2.74,2.8,2.89,2.93,3.01,3.08
10-08-2018,1.92,2.05,2.23,2.42,2.61,2.68,2.75,2.82,2.87,2.96,3.03
13-08-2018,1.93,2.06,2.22,2.42,2.61,2.68,2.75,2.82,2.88,2.97,3.05
14-08-2018,1.96,2.08,2.25,2.44,2.63,2.71,2.77,2.84,2.89,2.98,3.06
15-08-2018,1.96,2.07,2.23,2.45,2.61,2.68,2.73,2.81,2.86,2.95,3.03
16-08-2018,1.96,2.07,2.24,2.45,2.63,2.7,2.75,2.82,2.87,2.95,3.03
17-08-2018,1.95,2.05,2.24,2.44,2.61,2.68,2.75,2.82,2.87,2.95,3.03
20-08-2018,1.93,2.06,2.25,2.43,2.6,2.65,2.7,2.77,2.82,2.91,2.99
21-08-2018,1.94,2.08,2.25,2.45,2.61,2.67,2.73,2.8,2.85,2.93,3
22-08-2018,1.95,2.09,2.24,2.43,2.6,2.65,2.7,2.77,2.82,2.91,2.99
23-08-2018,1.94,2.08,2.23,2.43,2.61,2.66,2.72,2.78,2.82,2.9,2.97
24-08-2018,1.95,2.09,2.25,2.44,2.63,2.68,2.72,2.78,2.82,2.89,2.97
27-08-2018,1.96,2.12,2.25,2.47,2.67,2.7,2.74,2.81,2.85,2.92,3
28-08-2018,1.96,2.13,2.28,2.47,2.67,2.73,2.77,2.84,2.88,2.96,3.03
29-08-2018,1.97,2.13,2.28,2.48,2.67,2.75,2.78,2.85,2.89,2.96,3.02
30-08-2018,1.97,2.11,2.28,2.47,2.64,2.72,2.75,2.82,2.86,2.93,3
31-08-2018,1.95,2.11,2.28,2.46,2.62,2.7,2.74,2.81,2.86,2.95,3.02
04-09-2018,2,2.13,2.29,2.49,2.66,2.73,2.78,2.85,2.9,2.99,3.07
05-09-2018,2,2.14,2.3,2.49,2.66,2.72,2.77,2.85,2.9,3,3.08
06-09-2018,1.98,2.13,2.3,2.5,2.64,2.71,2.76,2.83,2.88,2.98,3.06
07-09-2018,1.98,2.14,2.3,2.53,2.71,2.78,2.82,2.89,2.94,3.03,3.11
10-09-2018,1.98,2.14,2.32,2.54,2.73,2.78,2.83,2.89,2.94,3.02,3.09
11-09-2018,2.02,2.15,2.31,2.55,2.76,2.83,2.87,2.94,2.98,3.06,3.13
12-09-2018,2.01,2.16,2.33,2.56,2.74,2.82,2.87,2.93,2.97,3.04,3.11
13-09-2018,2.01,2.15,2.33,2.55,2.76,2.83,2.87,2.93,2.97,3.04,3.11
14-09-2018,2.02,2.16,2.33,2.56,2.78,2.85,2.9,2.96,2.99,3.07,3.13
17-09-2018,2.02,2.16,2.35,2.57,2.78,2.85,2.89,2.96,2.99,3.07,3.13
18-09-2018,2.05,2.17,2.36,2.58,2.81,2.88,2.94,3.01,3.05,3.14,3.2
19-09-2018,2.03,2.16,2.36,2.58,2.81,2.89,2.96,3.04,3.08,3.16,3.23
20-09-2018,2.03,2.17,2.37,2.58,2.81,2.89,2.96,3.03,3.07,3.15,3.21
21-09-2018,2.05,2.18,2.38,2.58,2.81,2.89,2.95,3.03,3.07,3.14,3.2
24-09-2018,2.07,2.22,2.38,2.6,2.83,2.89,2.96,3.04,3.08,3.15,3.21
25-09-2018,2.12,2.21,2.38,2.59,2.83,2.91,2.99,3.06,3.1,3.17,3.23
26-09-2018,2.11,2.2,2.37,2.58,2.83,2.89,2.96,3.02,3.06,3.14,3.19
27-09-2018,2.1,2.18,2.37,2.58,2.83,2.89,2.96,3.02,3.06,3.13,3.19
28-09-2018,2.12,2.19,2.36,2.59,2.81,2.88,2.94,3.01,3.05,3.13,3.19
01-10-2018,2.13,2.23,2.4,2.6,2.82,2.9,2.96,3.04,3.09,3.18,3.24
02-10-2018,2.14,2.23,2.41,2.61,2.82,2.88,2.94,3.01,3.05,3.14,3.2
03-10-2018,2.15,2.23,2.41,2.62,2.85,2.94,3.02,3.1,3.15,3.24,3.3
04-10-2018,2.16,2.22,2.42,2.63,2.87,2.97,3.05,3.14,3.19,3.29,3.35
05-10-2018,2.15,2.23,2.41,2.64,2.88,2.99,3.07,3.18,3.23,3.34,3.4
09-10-2018,2.17,2.25,2.46,2.65,2.88,2.98,3.05,3.15,3.21,3.3,3.37
10-10-2018,2.18,2.27,2.45,2.67,2.88,2.97,3.05,3.15,3.22,3.33,3.39
11-10-2018,2.14,2.27,2.44,2.66,2.85,2.94,3,3.09,3.14,3.25,3.32
12-10-2018,2.14,2.28,2.44,2.66,2.85,2.93,3,3.09,3.15,3.25,3.32
15-10-2018,2.17,2.31,2.47,2.67,2.85,2.94,3.01,3.1,3.16,3.27,3.34
16-10-2018,2.19,2.3,2.46,2.66,2.87,2.95,3.02,3.1,3.16,3.26,3.32
17-10-2018,2.2,2.31,2.47,2.66,2.89,2.97,3.04,3.13,3.19,3.29,3.35
18-10-2018,2.19,2.32,2.47,2.67,2.87,2.95,3.03,3.11,3.17,3.28,3.36
19-10-2018,2.19,2.31,2.48,2.67,2.92,2.99,3.05,3.14,3.2,3.31,3.38
22-10-2018,2.18,2.34,2.49,2.68,2.92,2.99,3.05,3.13,3.2,3.31,3.38
23-10-2018,2.21,2.33,2.48,2.67,2.89,2.95,3.01,3.1,3.17,3.29,3.37
24-10-2018,2.2,2.34,2.47,2.64,2.84,2.89,2.94,3.02,3.1,3.24,3.33
25-10-2018,2.19,2.34,2.47,2.66,2.86,2.92,2.98,3.07,3.14,3.27,3.35
26-10-2018,2.16,2.33,2.47,2.63,2.81,2.85,2.91,3,3.08,3.23,3.32
29-10-2018,2.17,2.34,2.49,2.64,2.81,2.86,2.91,3,3.08,3.23,3.33
30-10-2018,2.21,2.33,2.48,2.66,2.84,2.9,2.94,3.03,3.12,3.26,3.36
31-10-2018,2.2,2.34,2.49,2.69,2.87,2.93,2.98,3.07,3.15,3.3,3.39
01-11-2018,2.21,2.32,2.49,2.67,2.84,2.91,2.96,3.06,3.14,3.29,3.38
02-11-2018,2.19,2.33,2.5,2.7,2.91,2.98,3.04,3.13,3.22,3.37,3.46
05-11-2018,2.2,2.36,2.51,2.71,2.91,2.99,3.03,3.12,3.2,3.34,3.43
06-11-2018,2.23,2.35,2.52,2.72,2.93,3.01,3.05,3.14,3.22,3.35,3.43
07-11-2018,2.23,2.37,2.51,2.74,2.96,3.03,3.07,3.15,3.22,3.35,3.43
08-11-2018,2.21,2.35,2.52,2.74,2.98,3.05,3.09,3.17,3.24,3.36,3.43
09-11-2018,2.21,2.36,2.52,2.73,2.94,3.01,3.05,3.13,3.19,3.32,3.4
13-11-2018,2.24,2.38,2.53,2.72,2.89,2.95,2.99,3.07,3.14,3.28,3.36
14-11-2018,2.24,2.38,2.52,2.71,2.86,2.92,2.95,3.04,3.12,3.26,3.35
15-11-2018,2.2,2.37,2.51,2.7,2.86,2.91,2.94,3.02,3.11,3.27,3.36
16-11-2018,2.21,2.36,2.5,2.68,2.81,2.85,2.9,2.99,3.08,3.23,3.33
19-11-2018,2.23,2.38,2.52,2.66,2.79,2.82,2.87,2.97,3.06,3.22,3.32
20-11-2018,2.23,2.39,2.51,2.67,2.79,2.83,2.88,2.97,3.06,3.22,3.31
21-11-2018,2.25,2.41,2.52,2.67,2.81,2.84,2.89,2.98,3.06,3.22,3.31
23-11-2018,2.25,2.41,2.52,2.67,2.81,2.83,2.88,2.97,3.05,3.21,3.31
26-11-2018,2.24,2.41,2.54,2.7,2.84,2.86,2.9,2.98,3.07,3.22,3.32
27-11-2018,2.31,2.41,2.53,2.7,2.83,2.86,2.89,2.98,3.06,3.22,3.32
28-11-2018,2.31,2.4,2.53,2.69,2.81,2.84,2.87,2.97,3.06,3.23,3.34
29-11-2018,2.31,2.37,2.52,2.69,2.81,2.83,2.85,2.94,3.03,3.21,3.33
30-11-2018,2.31,2.37,2.52,2.7,2.8,2.83,2.84,2.92,3.01,3.19,3.3
03-12-2018,2.3,2.38,2.56,2.72,2.83,2.84,2.83,2.9,2.98,3.15,3.27
04-12-2018,2.37,2.42,2.58,2.71,2.8,2.81,2.79,2.84,2.91,3.05,3.16
06-12-2018,2.36,2.41,2.56,2.7,2.75,2.76,2.75,2.8,2.87,3.01,3.14
07-12-2018,2.32,2.4,2.54,2.68,2.72,2.72,2.7,2.77,2.85,3.01,3.14
10-12-2018,2.32,2.41,2.54,2.69,2.72,2.73,2.71,2.77,2.85,3,3.13
11-12-2018,2.28,2.41,2.55,2.7,2.78,2.78,2.75,2.81,2.89,3.02,3.13
12-12-2018,2.3,2.43,2.56,2.7,2.77,2.78,2.77,2.84,2.91,3.04,3.15
13-12-2018,2.36,2.43,2.56,2.69,2.75,2.76,2.75,2.83,2.91,3.05,3.16
14-12-2018,2.36,2.42,2.56,2.68,2.73,2.72,2.73,2.81,2.89,3.03,3.14
17-12-2018,2.36,2.4,2.54,2.66,2.7,2.68,2.69,2.77,2.86,3,3.11
18-12-2018,2.35,2.39,2.53,2.64,2.65,2.64,2.65,2.74,2.82,2.96,3.07
19-12-2018,2.35,2.4,2.54,2.62,2.63,2.61,2.62,2.69,2.77,2.89,3
20-12-2018,2.42,2.39,2.55,2.64,2.67,2.65,2.65,2.72,2.79,2.92,3.02
21-12-2018,2.41,2.39,2.54,2.62,2.63,2.61,2.64,2.72,2.79,2.92,3.03
24-12-2018,2.42,2.45,2.52,2.61,2.55,2.56,2.58,2.66,2.74,2.88,3
26-12-2018,2.41,2.44,2.54,2.61,2.61,2.6,2.67,2.74,2.81,2.94,3.06
27-12-2018,2.43,2.41,2.49,2.58,2.56,2.55,2.6,2.68,2.77,2.92,3.05
28-12-2018,2.39,2.4,2.48,2.57,2.52,2.5,2.56,2.63,2.72,2.89,3.04
31-12-2018,2.44,2.45,2.56,2.63,2.48,2.46,2.51,2.59,2.69,2.87,3.02
02-01-2019,2.4,2.42,2.51,2.6,2.5,2.47,2.49,2.56,2.66,2.83,2.97
03-01-2019,2.42,2.41,2.47,2.5,2.39,2.35,2.37,2.44,2.56,2.75,2.92
04-01-2019,2.4,2.42,2.51,2.57,2.5,2.47,2.49,2.56,2.67,2.83,2.98
07-01-2019,2.42,2.45,2.54,2.58,2.53,2.51,2.53,2.6,2.7,2.86,2.99
08-01-2019,2.4,2.46,2.54,2.6,2.58,2.57,2.58,2.63,2.73,2.88,3
09-01-2019,2.4,2.45,2.52,2.59,2.56,2.54,2.57,2.64,2.74,2.9,3.03
10-01-2019,2.42,2.43,2.51,2.59,2.56,2.54,2.56,2.63,2.74,2.92,3.06
11-01-2019,2.41,2.43,2.5,2.58,2.55,2.51,2.52,2.6,2.71,2.9,3.04
14-01-2019,2.42,2.45,2.52,2.57,2.53,2.51,2.53,2.6,2.71,2.91,3.06
15-01-2019,2.41,2.45,2.52,2.57,2.53,2.51,2.53,2.61,2.72,2.92,3.08
16-01-2019,2.41,2.43,2.49,2.57,2.55,2.53,2.54,2.62,2.73,2.92,3.07
17-01-2019,2.41,2.42,2.5,2.57,2.56,2.55,2.58,2.66,2.75,2.93,3.07
18-01-2019,2.4,2.41,2.5,2.6,2.62,2.6,2.62,2.7,2.79,2.95,3.09
22-01-2019,2.38,2.43,2.51,2.59,2.58,2.55,2.57,2.65,2.74,2.91,3.06
23-01-2019,2.37,2.41,2.51,2.59,2.58,2.57,2.59,2.66,2.76,2.93,3.07
24-01-2019,2.38,2.37,2.5,2.58,2.56,2.54,2.55,2.62,2.72,2.89,3.04
25-01-2019,2.36,2.39,2.51,2.6,2.6,2.58,2.59,2.66,2.76,2.92,3.06
28-01-2019,2.39,2.42,2.51,2.6,2.6,2.58,2.58,2.65,2.75,2.92,3.06
29-01-2019,2.39,2.42,2.51,2.6,2.56,2.54,2.55,2.61,2.72,2.9,3.04
30-01-2019,2.4,2.42,2.5,2.57,2.52,2.49,2.49,2.58,2.7,2.9,3.06
31-01-2019,2.42,2.41,2.46,2.55,2.45,2.43,2.43,2.51,2.63,2.83,2.99
01-02-2019,2.41,2.4,2.46,2.56,2.52,2.5,2.51,2.59,2.7,2.88,3.03
04-02-2019,2.41,2.42,2.49,2.57,2.53,2.52,2.53,2.62,2.73,2.92,3.06
05-02-2019,2.39,2.42,2.5,2.56,2.53,2.5,2.51,2.6,2.71,2.89,3.03
06-02-2019,2.4,2.42,2.5,2.56,2.52,2.5,2.5,2.59,2.7,2.88,3.03
07-02-2019,2.43,2.42,2.49,2.55,2.48,2.46,2.46,2.54,2.65,2.85,3
08-02-2019,2.43,2.43,2.49,2.54,2.45,2.43,2.44,2.53,2.63,2.82,2.97
11-02-2019,2.44,2.45,2.51,2.55,2.48,2.47,2.47,2.56,2.65,2.85,3
12-02-2019,2.42,2.43,2.5,2.55,2.5,2.48,2.49,2.58,2.68,2.87,3.02
13-02-2019,2.42,2.44,2.51,2.55,2.53,2.52,2.53,2.61,2.71,2.89,3.04
14-02-2019,2.45,2.43,2.51,2.53,2.5,2.48,2.48,2.56,2.66,2.85,3.01
15-02-2019,2.43,2.43,2.5,2.55,2.52,2.5,2.49,2.57,2.66,2.84,3
19-02-2019,2.44,2.45,2.52,2.54,2.5,2.47,2.47,2.55,2.65,2.84,2.99
20-02-2019,2.41,2.45,2.51,2.54,2.5,2.47,2.47,2.55,2.65,2.84,3
21-02-2019,2.43,2.45,2.51,2.55,2.53,2.49,2.51,2.59,2.69,2.89,3.05
22-02-2019,2.43,2.46,2.51,2.55,2.48,2.46,2.47,2.55,2.65,2.86,3.02
25-02-2019,2.44,2.47,2.51,2.56,2.51,2.48,2.48,2.57,2.67,2.87,3.03
26-02-2019,2.43,2.45,2.51,2.55,2.48,2.44,2.45,2.54,2.64,2.84,3.01
27-02-2019,2.43,2.45,2.52,2.54,2.5,2.48,2.49,2.59,2.69,2.91,3.07
28-02-2019,2.44,2.45,2.5,2.54,2.52,2.5,2.52,2.63,2.73,2.94,3.09
01-03-2019,2.44,2.44,2.52,2.55,2.55,2.54,2.56,2.67,2.76,2.97,3.13
04-03-2019,2.45,2.46,2.54,2.54,2.55,2.52,2.53,2.63,2.72,2.93,3.09
05-03-2019,2.44,2.46,2.53,2.54,2.55,2.52,2.53,2.63,2.72,2.93,3.08
06-03-2019,2.43,2.47,2.53,2.54,2.52,2.49,2.49,2.59,2.69,2.9,3.06
07-03-2019,2.45,2.45,2.52,2.52,2.47,2.44,2.44,2.54,2.64,2.86,3.03
08-03-2019,2.45,2.46,2.52,2.53,2.45,2.43,2.42,2.51,2.62,2.83,3
11-03-2019,2.44,2.46,2.54,2.53,2.47,2.45,2.44,2.53,2.64,2.86,3.03
12-03-2019,2.44,2.46,2.53,2.52,2.45,2.41,2.41,2.5,2.61,2.82,3
13-03-2019,2.43,2.45,2.53,2.53,2.45,2.41,2.42,2.51,2.61,2.82,3.02
14-03-2019,2.48,2.45,2.52,2.52,2.46,2.42,2.43,2.53,2.63,2.86,3.04
15-03-2019,2.46,2.45,2.52,2.52,2.43,2.39,2.4,2.49,2.59,2.83,3.02
18-03-2019,2.47,2.44,2.51,2.52,2.45,2.41,2.42,2.51,2.6,2.83,3.01
19-03-2019,2.46,2.46,2.52,2.5,2.46,2.42,2.42,2.51,2.61,2.84,3.02
20-03-2019,2.45,2.48,2.49,2.47,2.4,2.34,2.34,2.44,2.54,2.79,2.98
21-03-2019,2.51,2.49,2.5,2.48,2.41,2.34,2.34,2.44,2.54,2.78,2.96
22-03-2019,2.49,2.46,2.48,2.45,2.31,2.24,2.24,2.34,2.44,2.69,2.88
25-03-2019,2.47,2.46,2.49,2.41,2.26,2.19,2.21,2.32,2.43,2.68,2.87
26-03-2019,2.46,2.46,2.49,2.44,2.24,2.18,2.18,2.29,2.41,2.67,2.86
27-03-2019,2.45,2.44,2.46,2.4,2.22,2.16,2.18,2.28,2.39,2.63,2.83
28-03-2019,2.44,2.43,2.44,2.4,2.23,2.18,2.2,2.29,2.39,2.62,2.81
29-03-2019,2.43,2.4,2.44,2.4,2.27,2.21,2.23,2.31,2.41,2.63,2.81
01-04-2019,2.42,2.43,2.46,2.41,2.33,2.29,2.31,2.4,2.49,2.71,2.89
02-04-2019,2.43,2.42,2.45,2.41,2.3,2.26,2.28,2.38,2.48,2.7,2.88
03-04-2019,2.42,2.44,2.45,2.41,2.33,2.29,2.32,2.42,2.52,2.75,2.93
04-04-2019,2.43,2.44,2.46,2.41,2.33,2.29,2.32,2.41,2.51,2.74,2.92
05-04-2019,2.42,2.44,2.46,2.43,2.35,2.3,2.31,2.4,2.5,2.72,2.91
08-04-2019,2.43,2.43,2.48,2.43,2.36,2.31,2.33,2.42,2.52,2.74,2.93
09-04-2019,2.42,2.42,2.46,2.42,2.35,2.31,2.31,2.4,2.51,2.73,2.92
10-04-2019,2.4,2.43,2.46,2.41,2.31,2.27,2.28,2.37,2.48,2.71,2.9
11-04-2019,2.42,2.43,2.46,2.44,2.35,2.3,2.31,2.4,2.51,2.74,2.94
12-04-2019,2.41,2.44,2.47,2.44,2.4,2.36,2.38,2.47,2.56,2.78,2.97
15-04-2019,2.42,2.43,2.46,2.43,2.4,2.36,2.37,2.46,2.55,2.77,2.96
16-04-2019,2.43,2.43,2.47,2.45,2.41,2.38,2.41,2.5,2.6,2.81,2.99
17-04-2019,2.43,2.44,2.47,2.44,2.4,2.37,2.4,2.49,2.59,2.81,2.99
18-04-2019,2.44,2.42,2.47,2.44,2.38,2.36,2.38,2.46,2.57,2.78,2.96
22-04-2019,2.44,2.44,2.47,2.46,2.38,2.36,2.39,2.49,2.59,2.82,2.99
23-04-2019,2.43,2.45,2.46,2.43,2.36,2.34,2.36,2.46,2.57,2.81,2.98
24-04-2019,2.42,2.44,2.46,2.42,2.32,2.28,2.32,2.41,2.53,2.76,2.94
25-04-2019,2.43,2.43,2.46,2.42,2.33,2.29,2.33,2.42,2.54,2.76,2.94
26-04-2019,2.42,2.42,2.46,2.41,2.28,2.25,2.29,2.39,2.51,2.74,2.92
29-04-2019,2.45,2.44,2.47,2.42,2.3,2.27,2.32,2.42,2.54,2.78,2.96
30-04-2019,2.43,2.43,2.46,2.39,2.27,2.24,2.28,2.39,2.51,2.75,2.93
01-05-2019,2.42,2.43,2.44,2.39,2.31,2.28,2.31,2.41,2.52,2.74,2.92
02-05-2019,2.44,2.47,2.46,2.41,2.35,2.32,2.34,2.44,2.55,2.77,2.94
03-05-2019,2.42,2.43,2.46,2.41,2.33,2.3,2.33,2.43,2.54,2.75,2.93
06-05-2019,2.43,2.44,2.46,2.39,2.31,2.27,2.3,2.4,2.51,2.73,2.91
07-05-2019,2.44,2.43,2.46,2.37,2.28,2.24,2.25,2.35,2.45,2.68,2.86
08-05-2019,2.42,2.43,2.45,2.37,2.3,2.26,2.28,2.38,2.49,2.71,2.89
09-05-2019,2.43,2.43,2.46,2.36,2.26,2.22,2.25,2.34,2.45,2.69,2.87
10-05-2019,2.42,2.43,2.45,2.36,2.26,2.23,2.26,2.37,2.47,2.7,2.89
13-05-2019,2.41,2.41,2.42,2.32,2.18,2.15,2.18,2.28,2.4,2.65,2.83
14-05-2019,2.41,2.41,2.43,2.32,2.2,2.17,2.2,2.3,2.42,2.67,2.86
15-05-2019,2.4,2.42,2.43,2.3,2.16,2.12,2.15,2.25,2.37,2.63,2.82
16-05-2019,2.4,2.4,2.43,2.33,2.2,2.15,2.18,2.28,2.4,2.65,2.84
17-05-2019,2.39,2.39,2.42,2.33,2.2,2.15,2.17,2.27,2.39,2.63,2.82
20-05-2019,2.39,2.39,2.42,2.34,2.21,2.17,2.21,2.3,2.41,2.65,2.83
21-05-2019,2.37,2.39,2.42,2.36,2.26,2.2,2.23,2.33,2.43,2.67,2.84
22-05-2019,2.36,2.38,2.41,2.37,2.23,2.17,2.19,2.28,2.39,2.64,2.82
23-05-2019,2.38,2.37,2.4,2.32,2.12,2.08,2.11,2.2,2.31,2.56,2.75
24-05-2019,2.37,2.35,2.39,2.33,2.16,2.1,2.12,2.22,2.32,2.57,2.75
28-05-2019,2.35,2.37,2.38,2.31,2.12,2.06,2.06,2.16,2.26,2.52,2.7
29-05-2019,2.35,2.37,2.38,2.3,2.09,2.04,2.05,2.16,2.25,2.5,2.69
30-05-2019,2.37,2.38,2.4,2.29,2.06,2,2.03,2.12,2.22,2.46,2.65
31-05-2019,2.35,2.35,2.35,2.21,1.95,1.9,1.93,2.03,2.14,2.39,2.58
03-06-2019,2.36,2.35,2.31,2.11,1.82,1.79,1.83,1.95,2.07,2.34,2.53
04-06-2019,2.34,2.35,2.29,2.11,1.88,1.84,1.89,2.01,2.12,2.41,2.6
05-06-2019,2.31,2.35,2.25,2.04,1.83,1.81,1.86,2,2.12,2.42,2.63
06-06-2019,2.32,2.33,2.22,2.02,1.88,1.85,1.88,2.01,2.12,2.42,2.62
07-06-2019,2.3,2.28,2.15,1.97,1.85,1.82,1.85,1.97,2.09,2.36,2.57
10-06-2019,2.3,2.29,2.21,2.03,1.9,1.87,1.91,2.03,2.15,2.42,2.62
11-06-2019,2.27,2.27,2.21,2.05,1.93,1.87,1.92,2.03,2.15,2.42,2.62
12-06-2019,2.19,2.24,2.2,2.02,1.88,1.83,1.88,2,2.13,2.41,2.62
13-06-2019,2.24,2.19,2.18,2,1.83,1.78,1.84,1.96,2.1,2.39,2.61
14-06-2019,2.23,2.2,2.18,2,1.84,1.79,1.85,1.96,2.09,2.38,2.59
17-06-2019,2.22,2.23,2.2,2.03,1.86,1.8,1.85,1.96,2.09,2.37,2.58
18-06-2019,2.18,2.22,2.2,2.04,1.86,1.8,1.83,1.93,2.06,2.34,2.55
19-06-2019,2.14,2.18,2.11,1.96,1.74,1.7,1.77,1.89,2.03,2.32,2.54
20-06-2019,2.17,2.14,2.04,1.91,1.72,1.69,1.74,1.87,2.01,2.31,2.53
21-06-2019,2.16,2.11,2.05,1.95,1.77,1.74,1.8,1.93,2.07,2.37,2.59
24-06-2019,2.12,2.13,2.1,1.92,1.72,1.69,1.75,1.88,2.02,2.33,2.55
25-06-2019,2.11,2.12,2.1,1.93,1.71,1.67,1.73,1.86,2,2.31,2.53
26-06-2019,2.11,2.15,2.12,1.96,1.77,1.74,1.8,1.92,2.05,2.35,2.57
27-06-2019,2.19,2.14,2.12,1.93,1.74,1.71,1.76,1.88,2.01,2.31,2.52
28-06-2019,2.18,2.12,2.09,1.92,1.75,1.71,1.76,1.87,2,2.31,2.52
01-07-2019,2.17,2.21,2.1,1.94,1.78,1.74,1.79,1.9,2.03,2.34,2.55
02-07-2019,2.21,2.2,2.09,1.91,1.77,1.71,1.75,1.85,1.98,2.29,2.51
03-07-2019,2.25,2.21,2.08,1.91,1.77,1.71,1.74,1.83,1.96,2.25,2.47
05-07-2019,2.26,2.23,2.14,1.98,1.87,1.82,1.84,1.93,2.04,2.34,2.54
08-07-2019,2.23,2.26,2.14,1.99,1.88,1.84,1.86,1.94,2.05,2.32,2.53
09-07-2019,2.22,2.26,2.15,2,1.92,1.88,1.88,1.96,2.07,2.34,2.54
10-07-2019,2.18,2.2,2.07,1.93,1.82,1.79,1.82,1.93,2.07,2.36,2.57
11-07-2019,2.17,2.17,2.08,1.97,1.85,1.84,1.88,1.99,2.13,2.42,2.65
12-07-2019,2.16,2.14,2.07,1.96,1.84,1.81,1.86,1.98,2.12,2.42,2.64
15-07-2019,2.17,2.16,2.06,1.95,1.83,1.8,1.84,1.96,2.09,2.39,2.61
16-07-2019,2.16,2.15,2.06,2,1.87,1.84,1.88,2,2.13,2.42,2.63
17-07-2019,2.13,2.14,2.04,1.95,1.83,1.8,1.83,1.94,2.06,2.35,2.57
18-07-2019,2.11,2.05,2.01,1.9,1.77,1.74,1.78,1.89,2.04,2.34,2.56
19-07-2019,2.11,2.06,2.03,1.94,1.8,1.77,1.8,1.91,2.05,2.35,2.57
22-07-2019,2.13,2.09,2.08,1.95,1.8,1.77,1.8,1.92,2.05,2.36,2.58
23-07-2019,2.12,2.06,2.09,1.97,1.83,1.79,1.83,1.94,2.08,2.38,2.61
24-07-2019,2.1,2.1,2.08,1.98,1.83,1.79,1.82,1.93,2.05,2.36,2.58
25-07-2019,2.16,2.1,2.08,1.99,1.86,1.83,1.85,1.95,2.08,2.38,2.6
26-07-2019,2.13,2.12,2.1,2,1.86,1.83,1.85,1.95,2.08,2.38,2.59
29-07-2019,2.12,2.12,2.1,1.98,1.85,1.81,1.84,1.93,2.06,2.37,2.59
30-07-2019,2.07,2.08,2.07,1.97,1.85,1.82,1.84,1.93,2.06,2.36,2.58
31-07-2019,2.01,2.08,2.1,2,1.89,1.84,1.84,1.92,2.02,2.31,2.53
01-08-2019,2.11,2.07,2.04,1.88,1.73,1.67,1.68,1.77,1.9,2.21,2.44
02-08-2019,2.11,2.06,2.02,1.85,1.72,1.67,1.66,1.75,1.86,2.16,2.39
05-08-2019,2.07,2.05,1.99,1.78,1.59,1.55,1.55,1.63,1.75,2.07,2.3
06-08-2019,2.05,2.05,2,1.8,1.6,1.54,1.53,1.62,1.73,2.03,2.25
07-08-2019,2.02,2.02,1.95,1.75,1.59,1.51,1.52,1.6,1.71,2.01,2.22
08-08-2019,2.09,2.02,1.96,1.79,1.62,1.54,1.54,1.62,1.72,2.02,2.25
09-08-2019,2.05,2,1.95,1.78,1.63,1.58,1.57,1.65,1.74,2.03,2.26
12-08-2019,2.09,2,1.94,1.75,1.58,1.51,1.49,1.56,1.65,1.92,2.14
13-08-2019,2.05,2,1.96,1.86,1.66,1.6,1.57,1.62,1.68,1.94,2.15
14-08-2019,1.98,1.96,1.92,1.79,1.58,1.53,1.51,1.55,1.59,1.84,2.03
15-08-2019,2.08,1.91,1.86,1.72,1.48,1.44,1.42,1.47,1.52,1.8,1.98
16-08-2019,2.05,1.87,1.85,1.71,1.48,1.44,1.42,1.49,1.55,1.82,2.01
19-08-2019,2.06,1.94,1.9,1.75,1.53,1.49,1.47,1.54,1.6,1.88,2.08
20-08-2019,2.05,1.94,1.89,1.72,1.5,1.44,1.42,1.49,1.55,1.84,2.04
21-08-2019,2.03,1.97,1.9,1.77,1.56,1.5,1.47,1.54,1.59,1.87,2.07
22-08-2019,2.1,2,1.91,1.79,1.61,1.53,1.5,1.56,1.62,1.9,2.11
23-08-2019,2.07,1.97,1.87,1.73,1.51,1.43,1.4,1.46,1.52,1.82,2.02
26-08-2019,2.09,2.01,1.9,1.75,1.54,1.47,1.43,1.49,1.54,1.84,2.04
27-08-2019,2.07,1.98,1.94,1.77,1.53,1.43,1.4,1.44,1.49,1.77,1.97
28-08-2019,2.07,1.99,1.89,1.74,1.5,1.42,1.37,1.42,1.47,1.76,1.94
29-08-2019,2.1,1.99,1.89,1.75,1.53,1.44,1.4,1.46,1.5,1.78,1.97
30-08-2019,2.1,1.99,1.89,1.76,1.5,1.42,1.39,1.45,1.5,1.78,1.96
03-09-2019,2.06,1.98,1.88,1.72,1.47,1.38,1.35,1.42,1.47,1.77,1.95
04-09-2019,2.05,1.97,1.87,1.69,1.43,1.36,1.32,1.4,1.47,1.77,1.97
05-09-2019,2.05,1.97,1.88,1.73,1.55,1.47,1.43,1.51,1.57,1.86,2.06
06-09-2019,2.05,1.96,1.88,1.73,1.53,1.46,1.42,1.5,1.55,1.83,2.02
09-09-2019,2.04,1.96,1.87,1.74,1.58,1.52,1.49,1.57,1.63,1.91,2.11
10-09-2019,2.04,1.95,1.89,1.81,1.67,1.61,1.58,1.66,1.72,2,2.19
11-09-2019,2.01,1.96,1.88,1.79,1.68,1.62,1.6,1.68,1.75,2.02,2.22
12-09-2019,1.99,1.95,1.9,1.82,1.72,1.67,1.65,1.72,1.79,2.06,2.22
13-09-2019,1.99,1.96,1.92,1.88,1.79,1.76,1.75,1.83,1.9,2.17,2.37
16-09-2019,2.08,1.99,1.93,1.86,1.74,1.71,1.69,1.77,1.84,2.11,2.31
17-09-2019,2.1,1.99,1.93,1.87,1.72,1.68,1.66,1.75,1.81,2.08,2.27
18-09-2019,1.94,1.95,1.91,1.87,1.77,1.72,1.68,1.76,1.8,2.06,2.25
19-09-2019,2.01,1.93,1.92,1.88,1.74,1.68,1.66,1.73,1.79,2.04,2.22
20-09-2019,1.95,1.91,1.91,1.84,1.69,1.63,1.61,1.68,1.74,1.99,2.17
23-09-2019,1.94,1.94,1.93,1.81,1.68,1.61,1.59,1.65,1.72,1.98,2.16
24-09-2019,1.9,1.92,1.91,1.78,1.6,1.53,1.52,1.58,1.64,1.91,2.09
25-09-2019,1.8,1.89,1.9,1.82,1.68,1.61,1.6,1.66,1.73,1.99,2.18
26-09-2019,1.91,1.83,1.88,1.79,1.66,1.61,1.59,1.65,1.7,1.96,2.15
27-09-2019,1.9,1.8,1.85,1.74,1.63,1.58,1.56,1.62,1.69,1.95,2.13
30-09-2019,1.91,1.88,1.83,1.75,1.63,1.56,1.55,1.62,1.68,1.94,2.12
01-10-2019,1.79,1.82,1.81,1.73,1.56,1.51,1.51,1.59,1.65,1.93,2.11
02-10-2019,1.75,1.79,1.75,1.67,1.48,1.43,1.43,1.53,1.6,1.9,2.09
03-10-2019,1.78,1.7,1.66,1.58,1.39,1.34,1.34,1.45,1.54,1.85,2.04
04-10-2019,1.73,1.71,1.65,1.58,1.4,1.35,1.34,1.43,1.52,1.81,2.01
07-10-2019,1.76,1.75,1.73,1.64,1.46,1.41,1.38,1.47,1.56,1.85,2.05
08-10-2019,1.69,1.72,1.69,1.62,1.42,1.38,1.36,1.45,1.54,1.84,2.04
09-10-2019,1.69,1.69,1.69,1.59,1.47,1.43,1.4,1.5,1.59,1.88,2.08
10-10-2019,1.74,1.68,1.68,1.63,1.53,1.49,1.48,1.57,1.67,1.96,2.16
11-10-2019,1.76,1.68,1.68,1.67,1.63,1.6,1.59,1.68,1.76,2.04,2.22
15-10-2019,1.74,1.67,1.67,1.65,1.61,1.6,1.59,1.68,1.77,2.06,2.23
16-10-2019,1.71,1.66,1.64,1.59,1.58,1.57,1.57,1.65,1.75,2.05,2.23
17-10-2019,1.74,1.66,1.63,1.59,1.6,1.57,1.57,1.66,1.76,2.05,2.24
18-10-2019,1.75,1.66,1.63,1.58,1.58,1.56,1.56,1.66,1.76,2.06,2.25
21-10-2019,1.76,1.67,1.65,1.59,1.62,1.59,1.61,1.7,1.8,2.1,2.28
22-10-2019,1.75,1.65,1.64,1.59,1.6,1.59,1.6,1.68,1.78,2.07,2.26
23-10-2019,1.74,1.65,1.64,1.58,1.58,1.58,1.58,1.67,1.77,2.06,2.25
24-10-2019,1.75,1.67,1.65,1.59,1.58,1.58,1.58,1.67,1.77,2.08,2.26
25-10-2019,1.73,1.66,1.66,1.6,1.63,1.62,1.62,1.71,1.8,2.1,2.29
28-10-2019,1.74,1.65,1.65,1.6,1.64,1.65,1.66,1.75,1.85,2.16,2.34
29-10-2019,1.66,1.63,1.64,1.59,1.64,1.65,1.66,1.74,1.84,2.15,2.33
30-10-2019,1.61,1.62,1.62,1.59,1.61,1.6,1.61,1.69,1.78,2.08,2.26
31-10-2019,1.59,1.54,1.57,1.53,1.52,1.52,1.51,1.6,1.69,2,2.17
01-11-2019,1.58,1.52,1.55,1.53,1.56,1.55,1.55,1.63,1.73,2.03,2.21
04-11-2019,1.58,1.53,1.57,1.56,1.6,1.59,1.6,1.69,1.79,2.1,2.27
05-11-2019,1.56,1.56,1.58,1.62,1.63,1.63,1.66,1.77,1.86,2.17,2.34
06-11-2019,1.55,1.56,1.57,1.58,1.61,1.6,1.63,1.73,1.81,2.13,2.3
07-11-2019,1.57,1.56,1.58,1.58,1.68,1.7,1.74,1.84,1.92,2.24,2.4
08-11-2019,1.56,1.55,1.58,1.58,1.68,1.7,1.74,1.86,1.94,2.27,2.43
12-11-2019,1.56,1.59,1.59,1.58,1.66,1.69,1.73,1.84,1.92,2.24,2.39
13-11-2019,1.56,1.57,1.59,1.57,1.63,1.65,1.69,1.79,1.88,2.2,2.36
14-11-2019,1.59,1.57,1.58,1.55,1.58,1.59,1.63,1.73,1.82,2.15,2.31
15-11-2019,1.59,1.57,1.59,1.54,1.61,1.61,1.65,1.75,1.84,2.16,2.31
18-11-2019,1.59,1.57,1.58,1.54,1.6,1.59,1.63,1.73,1.81,2.14,2.3
19-11-2019,1.58,1.57,1.58,1.54,1.6,1.59,1.63,1.71,1.79,2.11,2.26
20-11-2019,1.57,1.57,1.58,1.54,1.56,1.55,1.58,1.66,1.73,2.05,2.2
21-11-2019,1.57,1.58,1.59,1.55,1.6,1.59,1.62,1.71,1.77,2.09,2.24
22-11-2019,1.58,1.58,1.59,1.56,1.61,1.6,1.62,1.71,1.77,2.08,2.22
25-11-2019,1.6,1.61,1.61,1.58,1.61,1.6,1.62,1.71,1.76,2.07,2.21
26-11-2019,1.63,1.6,1.62,1.59,1.58,1.58,1.58,1.68,1.74,2.04,2.18
27-11-2019,1.65,1.62,1.63,1.6,1.63,1.61,1.63,1.71,1.77,2.06,2.19
29-11-2019,1.62,1.59,1.63,1.6,1.61,1.61,1.62,1.73,1.78,2.07,2.21
02-12-2019,1.6,1.6,1.62,1.6,1.61,1.63,1.65,1.77,1.83,2.15,2.28
03-12-2019,1.56,1.57,1.57,1.57,1.53,1.54,1.54,1.65,1.72,2.03,2.17
04-12-2019,1.59,1.55,1.56,1.56,1.58,1.58,1.6,1.71,1.77,2.08,2.22
05-12-2019,1.52,1.54,1.55,1.56,1.58,1.6,1.62,1.73,1.8,2.11,2.24
06-12-2019,1.52,1.53,1.56,1.57,1.61,1.64,1.67,1.78,1.84,2.14,2.29
09-12-2019,1.54,1.54,1.58,1.56,1.63,1.63,1.67,1.77,1.83,2.13,2.27
10-12-2019,1.53,1.56,1.57,1.56,1.65,1.67,1.68,1.78,1.85,2.12,2.26
11-12-2019,1.54,1.57,1.58,1.55,1.61,1.62,1.64,1.74,1.79,2.08,2.23
12-12-2019,1.57,1.56,1.57,1.55,1.66,1.69,1.73,1.84,1.9,2.18,2.32
13-12-2019,1.55,1.57,1.56,1.54,1.61,1.62,1.66,1.76,1.82,2.11,2.26
16-12-2019,1.57,1.57,1.58,1.54,1.65,1.67,1.72,1.82,1.89,2.17,2.3
17-12-2019,1.56,1.56,1.58,1.53,1.63,1.66,1.71,1.82,1.89,2.18,2.31
18-12-2019,1.56,1.56,1.58,1.54,1.63,1.67,1.74,1.86,1.92,2.22,2.35
19-12-2019,1.54,1.57,1.57,1.52,1.62,1.65,1.73,1.84,1.92,2.21,2.35
20-12-2019,1.57,1.58,1.58,1.52,1.63,1.67,1.73,1.84,1.92,2.21,2.34
23-12-2019,1.57,1.59,1.6,1.53,1.64,1.67,1.75,1.86,1.93,2.22,2.35
24-12-2019,1.55,1.58,1.61,1.53,1.62,1.64,1.72,1.83,1.9,2.2,2.33
26-12-2019,1.59,1.58,1.61,1.53,1.64,1.65,1.72,1.85,1.9,2.19,2.33
27-12-2019,1.56,1.57,1.59,1.51,1.59,1.6,1.68,1.8,1.88,2.18,2.32
30-12-2019,1.51,1.57,1.6,1.57,1.58,1.59,1.68,1.81,1.9,2.21,2.34
31-12-2019,1.48,1.55,1.6,1.59,1.58,1.62,1.69,1.83,1.92,2.25,2.39
02-01-2020,1.53,1.54,1.57,1.56,1.58,1.59,1.67,1.79,1.88,2.19,2.33
03-01-2020,1.52,1.52,1.55,1.55,1.53,1.54,1.59,1.71,1.8,2.11,2.26
06-01-2020,1.54,1.56,1.56,1.54,1.54,1.56,1.61,1.72,1.81,2.13,2.28
07-01-2020,1.52,1.54,1.56,1.53,1.54,1.55,1.62,1.74,1.83,2.16,2.31
08-01-2020,1.5,1.54,1.56,1.55,1.58,1.61,1.67,1.78,1.87,2.21,2.35
09-01-2020,1.53,1.54,1.56,1.54,1.58,1.59,1.65,1.77,1.85,2.17,2.38
10-01-2020,1.52,1.54,1.55,1.53,1.56,1.59,1.63,1.74,1.83,2.14,2.28
13-01-2020,1.54,1.57,1.57,1.53,1.58,1.6,1.65,1.76,1.85,2.16,2.3
14-01-2020,1.53,1.57,1.57,1.53,1.58,1.59,1.63,1.74,1.82,2.12,2.27
15-01-2020,1.53,1.57,1.58,1.54,1.56,1.56,1.6,1.71,1.79,2.09,2.23
16-01-2020,1.54,1.55,1.56,1.54,1.58,1.58,1.63,1.73,1.81,2.11,2.26
17-01-2020,1.54,1.56,1.57,1.56,1.58,1.56,1.63,1.74,1.84,2.16,2.29
21-01-2020,1.52,1.56,1.57,1.54,1.53,1.53,1.57,1.69,1.78,2.1,2.23
22-01-2020,1.52,1.55,1.56,1.55,1.53,1.52,1.57,1.68,1.77,2.07,2.22
23-01-2020,1.55,1.55,1.56,1.55,1.51,1.51,1.55,1.65,1.74,2.03,2.18
24-01-2020,1.54,1.54,1.55,1.55,1.49,1.48,1.51,1.61,1.7,2,2.14
27-01-2020,1.53,1.55,1.57,1.53,1.44,1.41,1.44,1.52,1.61,1.91,2.05
28-01-2020,1.53,1.57,1.58,1.53,1.45,1.45,1.47,1.56,1.65,1.95,2.1
29-01-2020,1.52,1.56,1.57,1.51,1.42,1.39,1.41,1.51,1.6,1.89,2.05
30-01-2020,1.59,1.57,1.57,1.48,1.41,1.37,1.39,1.49,1.57,1.88,2.04
31-01-2020,1.56,1.55,1.54,1.45,1.33,1.3,1.32,1.42,1.51,1.83,1.99
03-02-2020,1.56,1.57,1.56,1.46,1.36,1.34,1.35,1.45,1.54,1.84,2.01
04-02-2020,1.55,1.57,1.57,1.48,1.41,1.4,1.42,1.52,1.61,1.91,2.08
05-02-2020,1.55,1.57,1.57,1.49,1.44,1.43,1.46,1.57,1.66,1.97,2.14
06-02-2020,1.59,1.57,1.58,1.51,1.44,1.43,1.45,1.56,1.65,1.94,2.11
07-02-2020,1.57,1.56,1.57,1.49,1.41,1.39,1.41,1.51,1.59,1.89,2.05
10-02-2020,1.58,1.58,1.58,1.45,1.37,1.36,1.38,1.47,1.56,1.87,2.03
11-02-2020,1.57,1.57,1.55,1.48,1.41,1.39,1.4,1.5,1.59,1.89,2.05
12-02-2020,1.57,1.58,1.56,1.49,1.44,1.42,1.45,1.55,1.62,1.93,2.09
13-02-2020,1.59,1.59,1.56,1.48,1.44,1.42,1.43,1.53,1.61,1.91,2.07
14-02-2020,1.6,1.58,1.56,1.49,1.42,1.4,1.42,1.51,1.59,1.89,2.04
18-02-2020,1.61,1.58,1.56,1.47,1.41,1.37,1.39,1.48,1.55,1.85,2
19-02-2020,1.61,1.58,1.56,1.47,1.42,1.39,1.41,1.5,1.56,1.86,2.01
20-02-2020,1.61,1.58,1.55,1.46,1.39,1.35,1.37,1.45,1.52,1.81,1.97
21-02-2020,1.6,1.56,1.53,1.43,1.34,1.3,1.3,1.39,1.46,1.75,1.9
24-02-2020,1.6,1.53,1.49,1.35,1.26,1.21,1.21,1.3,1.38,1.68,1.84
25-02-2020,1.59,1.53,1.47,1.3,1.2,1.16,1.16,1.25,1.33,1.63,1.8
26-02-2020,1.59,1.53,1.42,1.26,1.16,1.14,1.14,1.25,1.33,1.64,1.81
27-02-2020,1.56,1.45,1.33,1.18,1.11,1.08,1.11,1.22,1.3,1.61,1.79
28-02-2020,1.45,1.27,1.11,0.97,0.86,0.85,0.89,1.03,1.13,1.46,1.65
02-03-2020,1.41,1.13,0.95,0.89,0.84,0.85,0.88,1.01,1.1,1.46,1.66
03-03-2020,1.11,0.95,0.83,0.73,0.71,0.72,0.77,0.91,1.02,1.44,1.64
04-03-2020,1,0.72,0.68,0.59,0.67,0.68,0.75,0.9,1.02,1.45,1.67
05-03-2020,0.92,0.62,0.53,0.48,0.59,0.61,0.67,0.81,0.92,1.34,1.56
06-03-2020,0.79,0.45,0.41,0.39,0.49,0.53,0.58,0.69,0.74,1.09,1.25
09-03-2020,0.57,0.33,0.27,0.31,0.38,0.4,0.46,0.56,0.54,0.87,0.99
10-03-2020,0.57,0.44,0.43,0.43,0.5,0.58,0.63,0.73,0.76,1.16,1.28
11-03-2020,0.42,0.42,0.4,0.4,0.5,0.58,0.66,0.78,0.82,1.13,1.3
12-03-2020,0.41,0.33,0.37,0.39,0.5,0.58,0.66,0.82,0.88,1.27,1.49
13-03-2020,0.33,0.28,0.38,0.38,0.49,0.58,0.7,0.89,0.94,1.31,1.56
16-03-2020,0.25,0.24,0.29,0.29,0.36,0.43,0.49,0.67,0.73,1.1,1.34
17-03-2020,0.12,0.19,0.24,0.3,0.47,0.54,0.66,0.91,1.02,1.45,1.63
18-03-2020,0.04,0.02,0.08,0.21,0.54,0.66,0.79,1.08,1.18,1.6,1.77
19-03-2020,0.04,0.04,0.06,0.2,0.44,0.53,0.66,1,1.12,1.56,1.78
20-03-2020,0.04,0.05,0.05,0.15,0.37,0.41,0.52,0.82,0.92,1.35,1.55
23-03-2020,0.01,0.02,0.08,0.17,0.28,0.31,0.38,0.63,0.76,1.12,1.33
24-03-2020,0.01,0.01,0.09,0.25,0.38,0.44,0.52,0.75,0.84,1.19,1.39
25-03-2020,0,0,0.07,0.19,0.34,0.41,0.56,0.77,0.88,1.23,1.45
26-03-2020,0.01,0,0.04,0.13,0.3,0.36,0.51,0.72,0.83,1.2,1.42
27-03-2020,0.01,0.03,0.02,0.11,0.25,0.3,0.41,0.6,0.72,1.09,1.29
30-03-2020,0.04,0.12,0.12,0.14,0.23,0.29,0.39,0.57,0.7,1.1,1.31
31-03-2020,0.05,0.11,0.15,0.17,0.23,0.29,0.37,0.55,0.7,1.15,1.35
01-04-2020,0.03,0.09,0.14,0.16,0.23,0.28,0.37,0.51,0.62,1.04,1.27
02-04-2020,0.09,0.09,0.15,0.14,0.23,0.29,0.39,0.53,0.63,1.04,1.26
03-04-2020,0.09,0.1,0.15,0.15,0.23,0.3,0.39,0.52,0.62,1.05,1.24
06-04-2020,0.09,0.15,0.17,0.2,0.27,0.35,0.44,0.58,0.67,1.08,1.27
07-04-2020,0.1,0.14,0.2,0.2,0.28,0.36,0.48,0.64,0.75,1.13,1.32
08-04-2020,0.14,0.22,0.24,0.23,0.27,0.34,0.47,0.65,0.77,1.18,1.37
09-04-2020,0.2,0.25,0.24,0.25,0.23,0.29,0.41,0.6,0.73,1.15,1.35
13-04-2020,0.17,0.26,0.27,0.27,0.25,0.31,0.44,0.63,0.76,1.19,1.39
14-04-2020,0.17,0.2,0.24,0.25,0.23,0.29,0.42,0.61,0.76,1.19,1.41
15-04-2020,0.14,0.14,0.19,0.19,0.2,0.24,0.34,0.49,0.63,1.06,1.27
16-04-2020,0.14,0.14,0.18,0.17,0.2,0.25,0.35,0.5,0.61,1.01,1.21
17-04-2020,0.12,0.12,0.16,0.16,0.2,0.26,0.36,0.53,0.65,1.08,1.27
20-04-2020,0.1,0.12,0.15,0.15,0.2,0.26,0.35,0.51,0.63,1.04,1.23
21-04-2020,0.08,0.11,0.14,0.17,0.2,0.24,0.34,0.48,0.58,0.98,1.17
22-04-2020,0.09,0.12,0.14,0.16,0.22,0.26,0.37,0.52,0.63,1.03,1.22
23-04-2020,0.09,0.11,0.14,0.17,0.22,0.26,0.37,0.51,0.61,0.99,1.18
24-04-2020,0.1,0.12,0.14,0.18,0.22,0.26,0.36,0.51,0.6,0.98,1.17
27-04-2020,0.09,0.12,0.15,0.17,0.24,0.29,0.41,0.56,0.67,1.06,1.25
28-04-2020,0.08,0.11,0.13,0.16,0.2,0.26,0.37,0.52,0.62,1,1.2
29-04-2020,0.1,0.1,0.12,0.18,0.2,0.24,0.36,0.52,0.63,1.02,1.24
30-04-2020,0.1,0.09,0.11,0.16,0.2,0.24,0.36,0.53,0.64,1.05,1.28
01-05-2020,0.1,0.12,0.12,0.17,0.2,0.25,0.36,0.53,0.64,1.04,1.27
04-05-2020,0.1,0.13,0.14,0.16,0.19,0.24,0.36,0.52,0.64,1.05,1.29
05-05-2020,0.09,0.13,0.15,0.16,0.19,0.24,0.36,0.53,0.66,1.07,1.32
06-05-2020,0.08,0.12,0.16,0.16,0.17,0.24,0.37,0.57,0.72,1.16,1.41
07-05-2020,0.1,0.11,0.14,0.15,0.13,0.19,0.29,0.49,0.63,1.05,1.31
08-05-2020,0.1,0.12,0.15,0.15,0.16,0.21,0.33,0.53,0.69,1.12,1.39
11-05-2020,0.09,0.12,0.16,0.16,0.17,0.24,0.36,0.56,0.73,1.16,1.43
12-05-2020,0.1,0.13,0.16,0.16,0.17,0.22,0.34,0.53,0.69,1.11,1.38
13-05-2020,0.1,0.13,0.15,0.15,0.16,0.2,0.31,0.5,0.64,1.07,1.35
14-05-2020,0.09,0.12,0.15,0.15,0.16,0.2,0.31,0.48,0.63,1.03,1.3
15-05-2020,0.09,0.12,0.15,0.15,0.16,0.19,0.31,0.49,0.64,1.05,1.32
18-05-2020,0.1,0.13,0.15,0.17,0.18,0.24,0.38,0.57,0.73,1.17,1.44
19-05-2020,0.09,0.13,0.15,0.16,0.17,0.22,0.35,0.54,0.7,1.15,1.43
20-05-2020,0.08,0.12,0.14,0.16,0.16,0.21,0.34,0.53,0.68,1.19,1.4
21-05-2020,0.09,0.12,0.14,0.16,0.17,0.21,0.35,0.53,0.68,1.16,1.4
22-05-2020,0.09,0.12,0.16,0.17,0.17,0.21,0.34,0.51,0.66,1.12,1.37
26-05-2020,0.1,0.14,0.17,0.17,0.18,0.22,0.35,0.53,0.69,1.19,1.43
27-05-2020,0.11,0.15,0.17,0.18,0.19,0.22,0.34,0.52,0.68,1.19,1.44
28-05-2020,0.14,0.15,0.18,0.17,0.17,0.22,0.34,0.54,0.7,1.23,1.47
29-05-2020,0.13,0.14,0.18,0.17,0.16,0.19,0.3,0.5,0.65,1.18,1.41
01-06-2020,0.12,0.14,0.18,0.17,0.14,0.2,0.31,0.5,0.66,1.22,1.46
02-06-2020,0.12,0.15,0.18,0.17,0.17,0.2,0.32,0.52,0.68,1.24,1.48
03-06-2020,0.12,0.16,0.19,0.17,0.19,0.26,0.38,0.59,0.77,1.32,1.56
04-06-2020,0.13,0.15,0.18,0.17,0.19,0.26,0.4,0.63,0.82,1.38,1.61
05-06-2020,0.13,0.15,0.18,0.18,0.22,0.29,0.47,0.71,0.91,1.46,1.68
08-06-2020,0.15,0.17,0.19,0.19,0.22,0.29,0.45,0.69,0.88,1.43,1.65
09-06-2020,0.14,0.19,0.19,0.19,0.2,0.25,0.4,0.65,0.84,1.37,1.59
10-06-2020,0.13,0.17,0.19,0.18,0.17,0.22,0.33,0.56,0.75,1.31,1.53
11-06-2020,0.14,0.17,0.18,0.19,0.19,0.22,0.32,0.51,0.66,1.19,1.41
12-06-2020,0.14,0.16,0.18,0.18,0.19,0.22,0.33,0.54,0.71,1.24,1.45
15-06-2020,0.15,0.18,0.19,0.17,0.19,0.22,0.33,0.54,0.71,1.24,1.45
16-06-2020,0.14,0.17,0.19,0.18,0.21,0.23,0.34,0.56,0.75,1.31,1.54
17-06-2020,0.13,0.17,0.18,0.19,0.19,0.23,0.34,0.55,0.74,1.3,1.52
18-06-2020,0.13,0.16,0.17,0.19,0.19,0.22,0.34,0.54,0.71,1.24,1.47
19-06-2020,0.13,0.15,0.17,0.18,0.19,0.22,0.33,0.53,0.7,1.23,1.47
22-06-2020,0.14,0.16,0.18,0.17,0.19,0.22,0.34,0.54,0.71,1.23,1.46
23-06-2020,0.12,0.16,0.17,0.18,0.18,0.22,0.33,0.54,0.72,1.25,1.49
24-06-2020,0.11,0.15,0.17,0.17,0.19,0.21,0.33,0.52,0.69,1.21,1.44
25-06-2020,0.13,0.16,0.17,0.17,0.17,0.21,0.32,0.53,0.68,1.2,1.43
26-06-2020,0.12,0.14,0.17,0.17,0.17,0.19,0.3,0.49,0.64,1.15,1.37
29-06-2020,0.11,0.14,0.18,0.16,0.16,0.18,0.28,0.47,0.64,1.16,1.39
30-06-2020,0.13,0.16,0.18,0.16,0.16,0.18,0.29,0.49,0.66,1.18,1.41
01-07-2020,0.12,0.14,0.17,0.16,0.17,0.19,0.31,0.52,0.69,1.2,1.43
02-07-2020,0.13,0.14,0.16,0.16,0.16,0.19,0.29,0.5,0.68,1.2,1.43
06-07-2020,0.12,0.15,0.16,0.16,0.16,0.19,0.31,0.51,0.69,1.21,1.45
07-07-2020,0.12,0.15,0.17,0.15,0.16,0.19,0.29,0.48,0.65,1.15,1.38
08-07-2020,0.11,0.15,0.17,0.15,0.16,0.19,0.3,0.49,0.67,1.16,1.39
09-07-2020,0.11,0.13,0.16,0.15,0.16,0.18,0.28,0.46,0.62,1.09,1.32
10-07-2020,0.1,0.13,0.15,0.15,0.16,0.19,0.3,0.49,0.65,1.12,1.33
13-07-2020,0.11,0.14,0.15,0.16,0.16,0.19,0.3,0.48,0.64,1.11,1.33
14-07-2020,0.11,0.15,0.14,0.17,0.14,0.19,0.28,0.47,0.63,1.09,1.3
15-07-2020,0.12,0.16,0.15,0.15,0.16,0.18,0.28,0.47,0.64,1.11,1.33
16-07-2020,0.12,0.11,0.13,0.14,0.16,0.17,0.28,0.46,0.62,1.09,1.31
17-07-2020,0.11,0.11,0.13,0.14,0.14,0.18,0.29,0.47,0.64,1.11,1.33
20-07-2020,0.11,0.13,0.14,0.14,0.16,0.18,0.29,0.47,0.62,1.1,1.32
21-07-2020,0.09,0.13,0.13,0.15,0.14,0.17,0.27,0.45,0.61,1.09,1.31
22-07-2020,0.09,0.13,0.14,0.14,0.14,0.17,0.27,0.45,0.6,1.08,1.29
23-07-2020,0.09,0.12,0.13,0.14,0.16,0.16,0.27,0.44,0.59,1.03,1.24
24-07-2020,0.1,0.11,0.14,0.16,0.14,0.17,0.27,0.44,0.59,1.03,1.23
27-07-2020,0.1,0.11,0.14,0.14,0.15,0.18,0.3,0.46,0.62,1.05,1.25
28-07-2020,0.09,0.11,0.12,0.14,0.14,0.16,0.26,0.44,0.59,1.01,1.22
29-07-2020,0.09,0.11,0.12,0.13,0.12,0.15,0.25,0.43,0.58,1.03,1.24
30-07-2020,0.1,0.09,0.11,0.11,0.11,0.14,0.23,0.4,0.55,0.98,1.2
31-07-2020,0.09,0.09,0.1,0.11,0.11,0.11,0.21,0.39,0.55,0.98,1.2
03-08-2020,0.09,0.1,0.11,0.12,0.11,0.13,0.22,0.4,0.56,1.01,1.23
04-08-2020,0.09,0.09,0.11,0.14,0.11,0.1,0.19,0.36,0.52,0.96,1.19
05-08-2020,0.08,0.1,0.12,0.12,0.11,0.13,0.22,0.39,0.55,1,1.22
06-08-2020,0.07,0.1,0.11,0.14,0.11,0.13,0.21,0.39,0.55,0.98,1.2
07-08-2020,0.08,0.1,0.12,0.14,0.13,0.14,0.23,0.41,0.57,1.01,1.23
10-08-2020,0.09,0.11,0.13,0.13,0.14,0.15,0.24,0.42,0.59,1.04,1.25
11-08-2020,0.08,0.11,0.12,0.15,0.16,0.18,0.27,0.46,0.64,1.1,1.32
12-08-2020,0.08,0.11,0.12,0.13,0.16,0.19,0.3,0.5,0.69,1.15,1.37
13-08-2020,0.08,0.1,0.12,0.14,0.16,0.19,0.32,0.52,0.71,1.2,1.42
14-08-2020,0.09,0.1,0.12,0.13,0.14,0.18,0.29,0.51,0.71,1.21,1.45
17-08-2020,0.09,0.1,0.12,0.13,0.14,0.18,0.29,0.49,0.69,1.19,1.43
18-08-2020,0.08,0.09,0.13,0.13,0.14,0.17,0.27,0.47,0.67,1.16,1.4
19-08-2020,0.07,0.11,0.12,0.13,0.14,0.17,0.29,0.48,0.68,1.2,1.42
20-08-2020,0.08,0.11,0.13,0.12,0.13,0.15,0.26,0.46,0.65,1.15,1.38
21-08-2020,0.07,0.1,0.12,0.13,0.16,0.16,0.27,0.46,0.64,1.13,1.35
24-08-2020,0.09,0.12,0.12,0.14,0.14,0.18,0.28,0.47,0.65,1.14,1.35
25-08-2020,0.08,0.11,0.12,0.13,0.15,0.18,0.3,0.49,0.69,1.18,1.39
26-08-2020,0.08,0.11,0.12,0.12,0.16,0.18,0.28,0.5,0.69,1.2,1.41
27-08-2020,0.09,0.11,0.11,0.13,0.16,0.19,0.31,0.53,0.74,1.28,1.5
28-08-2020,0.09,0.1,0.11,0.12,0.14,0.16,0.28,0.51,0.74,1.29,1.52
31-08-2020,0.08,0.11,0.13,0.12,0.14,0.15,0.28,0.5,0.72,1.26,1.49
01-09-2020,0.09,0.12,0.13,0.12,0.13,0.14,0.26,0.46,0.68,1.2,1.43
02-09-2020,0.1,0.12,0.12,0.13,0.14,0.16,0.26,0.45,0.66,1.16,1.38
03-09-2020,0.1,0.11,0.12,0.12,0.13,0.15,0.24,0.43,0.63,1.13,1.34
04-09-2020,0.09,0.11,0.12,0.13,0.14,0.18,0.3,0.5,0.72,1.25,1.46
08-09-2020,0.1,0.13,0.14,0.15,0.14,0.17,0.28,0.47,0.69,1.22,1.43
09-09-2020,0.1,0.12,0.14,0.14,0.14,0.17,0.28,0.48,0.71,1.25,1.45
10-09-2020,0.1,0.12,0.12,0.15,0.14,0.17,0.26,0.46,0.68,1.22,1.43
11-09-2020,0.1,0.11,0.12,0.13,0.13,0.16,0.26,0.45,0.67,1.21,1.42
14-09-2020,0.1,0.11,0.13,0.14,0.14,0.16,0.27,0.46,0.68,1.21,1.42
15-09-2020,0.09,0.11,0.12,0.13,0.14,0.16,0.27,0.46,0.68,1.21,1.43
16-09-2020,0.08,0.12,0.12,0.12,0.14,0.16,0.28,0.47,0.69,1.23,1.45
17-09-2020,0.09,0.09,0.11,0.12,0.13,0.16,0.28,0.47,0.69,1.22,1.43
18-09-2020,0.09,0.1,0.12,0.13,0.14,0.16,0.29,0.48,0.7,1.24,1.45
21-09-2020,0.09,0.1,0.11,0.12,0.14,0.16,0.27,0.46,0.68,1.22,1.43
22-09-2020,0.08,0.1,0.11,0.12,0.13,0.15,0.27,0.46,0.68,1.21,1.42
23-09-2020,0.08,0.11,0.11,0.13,0.14,0.15,0.28,0.46,0.68,1.21,1.42
24-09-2020,0.08,0.1,0.11,0.12,0.14,0.16,0.27,0.46,0.67,1.19,1.4
25-09-2020,0.08,0.1,0.11,0.12,0.12,0.15,0.26,0.45,0.66,1.19,1.4
28-09-2020,0.09,0.11,0.11,0.12,0.14,0.16,0.26,0.46,0.67,1.2,1.42
29-09-2020,0.07,0.09,0.11,0.12,0.11,0.13,0.24,0.44,0.66,1.19,1.41
30-09-2020,0.08,0.1,0.11,0.12,0.13,0.16,0.28,0.47,0.69,1.23,1.46
01-10-2020,0.09,0.09,0.1,0.12,0.14,0.16,0.27,0.46,0.68,1.23,1.45
02-10-2020,0.1,0.09,0.11,0.12,0.13,0.16,0.28,0.48,0.7,1.25,1.48
05-10-2020,0.09,0.1,0.11,0.12,0.14,0.19,0.33,0.55,0.78,1.34,1.57
06-10-2020,0.08,0.1,0.11,0.14,0.14,0.17,0.32,0.53,0.76,1.33,1.56
07-10-2020,0.08,0.1,0.12,0.13,0.16,0.21,0.35,0.56,0.81,1.37,1.6
08-10-2020,0.09,0.09,0.12,0.13,0.13,0.18,0.33,0.54,0.78,1.34,1.57
09-10-2020,0.1,0.1,0.12,0.15,0.16,0.2,0.34,0.55,0.79,1.34,1.58
13-10-2020,0.09,0.11,0.12,0.13,0.16,0.18,0.31,0.52,0.74,1.29,1.52
14-10-2020,0.1,0.12,0.12,0.13,0.14,0.18,0.3,0.51,0.73,1.28,1.5
15-10-2020,0.1,0.11,0.12,0.12,0.14,0.18,0.32,0.52,0.74,1.29,1.52
16-10-2020,0.09,0.11,0.12,0.12,0.14,0.18,0.32,0.53,0.76,1.3,1.52
19-10-2020,0.09,0.11,0.11,0.13,0.16,0.19,0.34,0.54,0.78,1.32,1.55
20-10-2020,0.08,0.1,0.12,0.13,0.14,0.19,0.34,0.57,0.81,1.37,1.6
21-10-2020,0.08,0.1,0.12,0.13,0.14,0.2,0.36,0.58,0.83,1.4,1.62
22-10-2020,0.09,0.09,0.11,0.13,0.16,0.21,0.38,0.62,0.87,1.43,1.67
23-10-2020,0.08,0.1,0.11,0.12,0.18,0.21,0.37,0.61,0.85,1.41,1.64
26-10-2020,0.08,0.11,0.12,0.12,0.16,0.18,0.35,0.58,0.81,1.37,1.59
27-10-2020,0.08,0.1,0.11,0.12,0.16,0.19,0.34,0.56,0.79,1.34,1.57
28-10-2020,0.07,0.1,0.11,0.12,0.16,0.19,0.34,0.56,0.79,1.34,1.56
29-10-2020,0.08,0.09,0.1,0.12,0.16,0.2,0.38,0.61,0.85,1.39,1.62
30-10-2020,0.08,0.09,0.11,0.13,0.14,0.19,0.38,0.64,0.88,1.43,1.65
02-11-2020,0.09,0.09,0.11,0.13,0.16,0.2,0.38,0.63,0.87,1.41,1.63
03-11-2020,0.09,0.1,0.12,0.14,0.17,0.21,0.39,0.65,0.9,1.44,1.66
04-11-2020,0.08,0.1,0.1,0.12,0.14,0.18,0.33,0.55,0.78,1.33,1.55
05-11-2020,0.09,0.1,0.1,0.12,0.14,0.18,0.33,0.56,0.79,1.32,1.54
06-11-2020,0.1,0.1,0.11,0.12,0.16,0.21,0.36,0.59,0.83,1.37,1.6
09-11-2020,0.1,0.11,0.11,0.12,0.17,0.25,0.44,0.7,0.96,1.51,1.73
10-11-2020,0.09,0.1,0.11,0.12,0.19,0.26,0.46,0.72,0.98,1.53,1.75
12-11-2020,0.1,0.1,0.1,0.13,0.17,0.23,0.4,0.64,0.88,1.42,1.64
13-11-2020,0.1,0.09,0.1,0.12,0.17,0.23,0.41,0.65,0.89,1.43,1.65
16-11-2020,0.09,0.09,0.12,0.12,0.19,0.24,0.41,0.66,0.91,1.44,1.66
17-11-2020,0.08,0.09,0.1,0.12,0.18,0.22,0.39,0.63,0.87,1.4,1.62
18-11-2020,0.07,0.09,0.1,0.11,0.16,0.22,0.4,0.64,0.88,1.42,1.62
19-11-2020,0.08,0.07,0.1,0.11,0.18,0.22,0.39,0.63,0.86,1.38,1.58
20-11-2020,0.09,0.07,0.1,0.11,0.16,0.21,0.38,0.62,0.83,1.33,1.53
23-11-2020,0.08,0.08,0.08,0.1,0.16,0.22,0.39,0.64,0.86,1.36,1.56
24-11-2020,0.08,0.09,0.1,0.11,0.16,0.22,0.39,0.65,0.88,1.4,1.6
25-11-2020,0.07,0.09,0.09,0.11,0.17,0.21,0.39,0.65,0.88,1.41,1.62
27-11-2020,0.09,0.09,0.1,0.11,0.16,0.2,0.37,0.61,0.84,1.36,1.57
30-11-2020,0.08,0.08,0.09,0.11,0.16,0.19,0.36,0.62,0.84,1.37,1.58
01-12-2020,0.07,0.09,0.1,0.12,0.17,0.22,0.42,0.68,0.92,1.46,1.66
02-12-2020,0.07,0.09,0.1,0.11,0.16,0.22,0.42,0.69,0.95,1.5,1.7
03-12-2020,0.08,0.08,0.09,0.1,0.16,0.21,0.4,0.67,0.92,1.46,1.67
04-12-2020,0.07,0.09,0.1,0.11,0.16,0.21,0.42,0.7,0.97,1.53,1.73
07-12-2020,0.09,0.08,0.1,0.1,0.14,0.2,0.4,0.67,0.94,1.49,1.69
08-12-2020,0.08,0.09,0.09,0.1,0.14,0.2,0.39,0.65,0.92,1.46,1.67
09-12-2020,0.07,0.08,0.09,0.1,0.16,0.21,0.41,0.68,0.95,1.48,1.69
10-12-2020,0.07,0.08,0.09,0.1,0.14,0.2,0.39,0.65,0.92,1.44,1.65
11-12-2020,0.08,0.08,0.08,0.1,0.11,0.18,0.37,0.63,0.9,1.42,1.63
14-12-2020,0.07,0.09,0.08,0.1,0.13,0.17,0.37,0.63,0.9,1.43,1.63
15-12-2020,0.07,0.08,0.08,0.09,0.11,0.18,0.37,0.64,0.92,1.45,1.65
16-12-2020,0.08,0.09,0.09,0.09,0.13,0.18,0.37,0.64,0.92,1.46,1.66
17-12-2020,0.08,0.08,0.09,0.09,0.13,0.19,0.38,0.66,0.94,1.47,1.68
18-12-2020,0.08,0.08,0.09,0.09,0.13,0.19,0.39,0.67,0.95,1.49,1.7
21-12-2020,0.08,0.09,0.09,0.09,0.13,0.18,0.39,0.66,0.95,1.48,1.68
22-12-2020,0.07,0.09,0.09,0.09,0.13,0.17,0.37,0.64,0.93,1.45,1.65
23-12-2020,0.07,0.09,0.09,0.09,0.13,0.18,0.38,0.67,0.96,1.49,1.7
24-12-2020,0.09,0.09,0.09,0.1,0.13,0.17,0.37,0.66,0.94,1.46,1.66
28-12-2020,0.09,0.11,0.11,0.11,0.13,0.17,0.38,0.65,0.94,1.46,1.67
29-12-2020,0.08,0.1,0.12,0.11,0.12,0.17,0.37,0.66,0.94,1.47,1.67
30-12-2020,0.06,0.08,0.09,0.12,0.12,0.17,0.37,0.66,0.93,1.46,1.66
31-12-2020,0.08,0.09,0.09,0.1,0.13,0.17,0.36,0.65,0.93,1.45,1.65
04-01-2021,0.09,0.09,0.09,0.1,0.11,0.16,0.36,0.64,0.93,1.46,1.66
05-01-2021,0.08,0.09,0.09,0.1,0.13,0.17,0.38,0.66,0.96,1.49,1.7
06-01-2021,0.09,0.09,0.09,0.11,0.14,0.2,0.43,0.74,1.04,1.6,1.81
07-01-2021,0.09,0.09,0.09,0.11,0.14,0.22,0.46,0.78,1.08,1.64,1.85
08-01-2021,0.08,0.08,0.09,0.1,0.14,0.24,0.49,0.81,1.13,1.67,1.87
11-01-2021,0.09,0.08,0.1,0.1,0.14,0.22,0.5,0.84,1.15,1.68,1.88
12-01-2021,0.09,0.09,0.09,0.11,0.14,0.23,0.5,0.83,1.15,1.68,1.88
13-01-2021,0.09,0.09,0.1,0.12,0.14,0.22,0.48,0.8,1.1,1.63,1.82
14-01-2021,0.09,0.09,0.09,0.1,0.16,0.23,0.49,0.82,1.15,1.69,1.88
15-01-2021,0.08,0.09,0.1,0.1,0.13,0.2,0.46,0.78,1.11,1.66,1.85
19-01-2021,0.07,0.09,0.11,0.1,0.14,0.21,0.45,0.78,1.1,1.65,1.84
20-01-2021,0.08,0.08,0.1,0.1,0.13,0.19,0.45,0.78,1.1,1.65,1.84
21-01-2021,0.07,0.09,0.09,0.1,0.13,0.19,0.45,0.79,1.12,1.68,1.87
22-01-2021,0.07,0.08,0.1,0.1,0.13,0.19,0.44,0.77,1.1,1.66,1.85
25-01-2021,0.07,0.09,0.09,0.1,0.13,0.17,0.42,0.73,1.05,1.61,1.8
26-01-2021,0.05,0.07,0.09,0.09,0.11,0.18,0.42,0.74,1.05,1.61,1.8
27-01-2021,0.05,0.08,0.09,0.09,0.12,0.18,0.41,0.72,1.04,1.6,1.79
28-01-2021,0.05,0.07,0.08,0.08,0.12,0.18,0.42,0.75,1.07,1.63,1.81
29-01-2021,0.07,0.06,0.07,0.1,0.11,0.19,0.45,0.79,1.11,1.68,1.87
01-02-2021,0.06,0.07,0.08,0.08,0.11,0.17,0.42,0.76,1.09,1.66,1.84
02-02-2021,0.04,0.07,0.08,0.08,0.11,0.18,0.45,0.79,1.12,1.69,1.87
03-02-2021,0.03,0.04,0.06,0.08,0.11,0.19,0.46,0.81,1.15,1.73,1.92
04-02-2021,0.03,0.04,0.06,0.07,0.11,0.18,0.46,0.81,1.15,1.75,1.93
05-02-2021,0.02,0.03,0.05,0.06,0.09,0.19,0.47,0.83,1.19,1.79,1.97
08-02-2021,0.04,0.05,0.05,0.07,0.11,0.2,0.48,0.83,1.19,1.78,1.96
09-02-2021,0.04,0.04,0.06,0.07,0.11,0.19,0.48,0.83,1.18,1.78,1.95
10-02-2021,0.05,0.05,0.06,0.07,0.11,0.19,0.46,0.8,1.15,1.75,1.92
11-02-2021,0.05,0.05,0.06,0.07,0.11,0.19,0.46,0.81,1.16,1.77,1.94
12-02-2021,0.03,0.04,0.05,0.06,0.11,0.2,0.5,0.85,1.2,1.83,2.01
16-02-2021,0.03,0.04,0.06,0.08,0.13,0.23,0.57,0.94,1.3,1.92,2.08
17-02-2021,0.03,0.04,0.06,0.07,0.11,0.21,0.57,0.94,1.29,1.92,2.06
18-02-2021,0.03,0.03,0.04,0.06,0.11,0.21,0.56,0.94,1.29,1.91,2.08
19-02-2021,0.03,0.04,0.06,0.07,0.11,0.22,0.59,0.98,1.34,1.98,2.14
22-02-2021,0.03,0.03,0.04,0.06,0.11,0.22,0.61,1,1.37,2.02,2.19
23-02-2021,0.03,0.04,0.05,0.08,0.11,0.22,0.59,1,1.37,2.03,2.21
24-02-2021,0.03,0.03,0.05,0.08,0.12,0.24,0.62,1.02,1.38,2.07,2.24
25-02-2021,0.04,0.04,0.06,0.09,0.17,0.34,0.81,1.23,1.54,2.25,2.33
26-02-2021,0.04,0.04,0.05,0.08,0.14,0.3,0.75,1.15,1.44,2.08,2.17
01-03-2021,0.03,0.05,0.07,0.08,0.13,0.27,0.71,1.12,1.45,2.11,2.23
02-03-2021,0.04,0.04,0.06,0.08,0.13,0.26,0.67,1.08,1.42,2.09,2.21
03-03-2021,0.04,0.05,0.07,0.08,0.14,0.29,0.73,1.14,1.47,2.12,2.25
04-03-2021,0.03,0.04,0.07,0.08,0.14,0.32,0.77,1.21,1.54,2.18,2.3
05-03-2021,0.04,0.04,0.07,0.08,0.14,0.32,0.79,1.23,1.56,2.18,2.28
08-03-2021,0.04,0.05,0.06,0.09,0.17,0.34,0.86,1.28,1.59,2.2,2.31
09-03-2021,0.04,0.05,0.07,0.1,0.17,0.35,0.83,1.23,1.55,2.16,2.26
10-03-2021,0.03,0.04,0.06,0.08,0.16,0.32,0.8,1.2,1.53,2.15,2.24
11-03-2021,0.04,0.04,0.05,0.08,0.14,0.31,0.78,1.2,1.54,2.18,2.29
12-03-2021,0.03,0.04,0.06,0.09,0.14,0.34,0.85,1.3,1.64,2.31,2.4
15-03-2021,0.02,0.04,0.06,0.08,0.14,0.33,0.84,1.28,1.62,2.27,2.37
16-03-2021,0.01,0.02,0.06,0.07,0.15,0.33,0.83,1.28,1.62,2.3,2.38
17-03-2021,0.01,0.02,0.05,0.07,0.13,0.29,0.8,1.27,1.63,2.32,2.42
18-03-2021,0.01,0.01,0.03,0.08,0.16,0.33,0.86,1.35,1.71,2.36,2.45
19-03-2021,0.01,0.01,0.03,0.07,0.16,0.33,0.9,1.38,1.74,2.36,2.45
22-03-2021,0.02,0.03,0.05,0.06,0.15,0.32,0.87,1.34,1.69,2.29,2.38
23-03-2021,0.02,0.01,0.04,0.08,0.15,0.31,0.83,1.29,1.63,2.24,2.34
24-03-2021,0.02,0.02,0.04,0.07,0.14,0.31,0.83,1.27,1.62,2.21,2.31
25-03-2021,0.02,0.02,0.04,0.07,0.14,0.3,0.82,1.29,1.63,2.24,2.34
26-03-2021,0.02,0.02,0.04,0.06,0.14,0.31,0.85,1.32,1.67,2.27,2.37
29-03-2021,0.02,0.03,0.04,0.06,0.14,0.32,0.89,1.37,1.73,2.32,2.43
30-03-2021,0.01,0.02,0.04,0.06,0.16,0.33,0.9,1.39,1.73,2.29,2.38
31-03-2021,0.01,0.03,0.05,0.07,0.16,0.35,0.92,1.4,1.74,2.31,2.41
01-04-2021,0.02,0.02,0.04,0.06,0.17,0.35,0.9,1.37,1.69,2.24,2.34
02-04-2021,0.02,0.02,0.04,0.07,0.19,0.39,0.97,1.42,1.72,2.27,2.35
05-04-2021,0.03,0.03,0.04,0.06,0.17,0.37,0.94,1.4,1.73,2.28,2.36
06-04-2021,0.02,0.02,0.04,0.06,0.16,0.35,0.88,1.34,1.67,2.24,2.32
07-04-2021,0.01,0.02,0.04,0.06,0.16,0.34,0.87,1.34,1.68,2.26,2.35
08-04-2021,0.02,0.01,0.04,0.05,0.14,0.33,0.85,1.3,1.64,2.22,2.32
09-04-2021,0.02,0.02,0.03,0.06,0.16,0.35,0.87,1.33,1.67,2.23,2.34
12-04-2021,0.02,0.02,0.04,0.06,0.18,0.38,0.89,1.35,1.69,2.24,2.34
13-04-2021,0.03,0.03,0.05,0.06,0.16,0.35,0.85,1.29,1.64,2.21,2.32
14-04-2021,0.02,0.02,0.04,0.06,0.16,0.35,0.87,1.31,1.64,2.22,2.32
15-04-2021,0.02,0.02,0.04,0.06,0.16,0.32,0.81,1.24,1.56,2.13,2.23
16-04-2021,0.02,0.02,0.04,0.06,0.16,0.34,0.84,1.26,1.59,2.15,2.26
19-04-2021,0.01,0.02,0.04,0.08,0.16,0.34,0.85,1.28,1.61,2.18,2.29
20-04-2021,0.01,0.03,0.04,0.07,0.15,0.31,0.81,1.25,1.58,2.16,2.27
21-04-2021,0,0.03,0.04,0.07,0.15,0.32,0.81,1.24,1.57,2.16,2.26
22-04-2021,0.02,0.03,0.04,0.06,0.16,0.32,0.81,1.24,1.57,2.13,2.24
23-04-2021,0.01,0.03,0.03,0.07,0.16,0.34,0.83,1.26,1.58,2.14,2.25
26-04-2021,0.02,0.03,0.04,0.06,0.18,0.35,0.85,1.27,1.58,2.13,2.24
27-04-2021,0.01,0.01,0.04,0.06,0.17,0.36,0.88,1.32,1.63,2.18,2.29
28-04-2021,0.01,0.01,0.04,0.05,0.17,0.35,0.86,1.31,1.63,2.19,2.29
29-04-2021,0.01,0.01,0.04,0.05,0.16,0.35,0.86,1.32,1.65,2.2,2.31
30-04-2021,0.01,0.01,0.03,0.05,0.16,0.35,0.86,1.32,1.65,2.19,2.3
03-05-2021,0.02,0.04,0.04,0.06,0.16,0.33,0.84,1.29,1.63,2.18,2.3
04-05-2021,0.01,0.02,0.04,0.06,0.16,0.33,0.82,1.28,1.61,2.16,2.27
05-05-2021,0.01,0.02,0.04,0.06,0.16,0.32,0.8,1.25,1.59,2.14,2.25
06-05-2021,0.01,0.02,0.04,0.05,0.16,0.32,0.81,1.25,1.58,2.14,2.24
07-05-2021,0.01,0.02,0.04,0.05,0.14,0.29,0.77,1.24,1.6,2.17,2.28
10-05-2021,0.02,0.02,0.04,0.05,0.16,0.32,0.8,1.27,1.63,2.2,2.32
11-05-2021,0.01,0.01,0.04,0.05,0.16,0.31,0.8,1.28,1.64,2.23,2.35
12-05-2021,0.01,0.02,0.04,0.05,0.16,0.35,0.87,1.34,1.69,2.29,2.4
13-05-2021,0,0.02,0.03,0.05,0.16,0.33,0.84,1.31,1.66,2.28,2.39
14-05-2021,0.01,0.01,0.03,0.06,0.16,0.33,0.82,1.29,1.63,2.25,2.35
17-05-2021,0,0.02,0.04,0.06,0.16,0.34,0.84,1.3,1.64,2.27,2.36
18-05-2021,0,0.02,0.03,0.06,0.16,0.34,0.83,1.29,1.64,2.27,2.37
19-05-2021,0,0.01,0.03,0.05,0.16,0.35,0.87,1.34,1.68,2.3,2.38
20-05-2021,0.01,0.01,0.03,0.05,0.15,0.34,0.83,1.29,1.63,2.25,2.34
21-05-2021,0,0.01,0.02,0.04,0.17,0.34,0.84,1.29,1.63,2.24,2.33
24-05-2021,0.01,0.02,0.03,0.04,0.15,0.32,0.82,1.28,1.61,2.22,2.31
25-05-2021,0.01,0.02,0.04,0.04,0.15,0.3,0.79,1.23,1.56,2.16,2.26
26-05-2021,0,0.02,0.04,0.04,0.14,0.31,0.8,1.24,1.58,2.17,2.27
27-05-2021,0,0.02,0.04,0.04,0.14,0.31,0.81,1.28,1.61,2.2,2.29
28-05-2021,0.01,0.01,0.03,0.05,0.14,0.3,0.79,1.24,1.58,2.18,2.26
01-06-2021,0.01,0.02,0.04,0.04,0.16,0.31,0.81,1.28,1.62,2.22,2.3
02-06-2021,0.01,0.02,0.04,0.05,0.13,0.3,0.8,1.26,1.59,2.21,2.28
03-06-2021,0,0.02,0.04,0.04,0.16,0.34,0.84,1.3,1.63,2.22,2.3
04-06-2021,0.01,0.02,0.04,0.05,0.14,0.32,0.78,1.23,1.56,2.16,2.24
07-06-2021,0.01,0.02,0.04,0.05,0.16,0.33,0.79,1.24,1.57,2.17,2.25
08-06-2021,0.01,0.02,0.04,0.05,0.14,0.32,0.77,1.2,1.53,2.13,2.21
09-06-2021,0.01,0.03,0.04,0.05,0.16,0.31,0.75,1.17,1.5,2.1,2.17
10-06-2021,0.01,0.03,0.04,0.05,0.14,0.3,0.73,1.14,1.45,2.07,2.15
11-06-2021,0.01,0.03,0.04,0.05,0.16,0.31,0.76,1.16,1.47,2.08,2.15
14-06-2021,0.01,0.03,0.05,0.05,0.16,0.33,0.8,1.2,1.51,2.12,2.19
15-06-2021,0.02,0.03,0.05,0.08,0.16,0.34,0.79,1.21,1.51,2.12,2.2
16-06-2021,0.04,0.04,0.06,0.08,0.21,0.41,0.89,1.29,1.57,2.13,2.2
17-06-2021,0.05,0.04,0.06,0.08,0.23,0.43,0.9,1.27,1.52,2.05,2.11
18-06-2021,0.05,0.05,0.06,0.09,0.26,0.47,0.89,1.22,1.45,1.97,2.01
21-06-2021,0.04,0.05,0.06,0.09,0.27,0.48,0.9,1.25,1.5,2.05,2.11
22-06-2021,0.04,0.04,0.06,0.09,0.25,0.44,0.87,1.23,1.48,2.03,2.1
23-06-2021,0.04,0.05,0.05,0.08,0.26,0.47,0.9,1.25,1.5,2.04,2.11
24-06-2021,0.05,0.05,0.05,0.08,0.26,0.48,0.9,1.26,1.49,2.03,2.1
